Particulars,OfbizPartyCode,Item Details,OfbizProductCode,supplierProductId,minimumOrderQuantity,unitPrice,FromDate
Nandan Steels,PRT0105,08mm Thick MS Plate,PB0627,,,,
Ambica Scientific Industries,PRT0087,1 Litre Glass Beaker,PB0319,,,,
Namdev & Sons,PRT0163,1 X 1 Feet PCC Chamber / Chequred Plate,PB0595,,,,
IRANI TRADERS,PRT0146,1.0 Ton Voltas Split All Weather AC,PB0417,,,,
Sant Sales,PRT0100,1.5 Ton Voltas Split All Weather AC,PB0229,,,,
Shiva Tools & Mill Store,PRT0238,"1.5"" Chain 3 Mtr",PB0859,,,,
Shiva Tools & Mill Store,PRT0238,"1.5"" Chain Lock Full",PB0856,,,,
Shiva Tools & Mill Store,PRT0238,"1.5"" Chain Lock Half",PB0857,,,,
Bharat Hardware And Electricals,PRT0112,"1.5D Elbow,GI  - Class C, ERW 150mm",PB0825,,,,
Bhagwati Hardware & Electricals,PRT0193,"1.5D Elbow,GI  - Class C, ERW 40mm",PB0658,,,,
Bhagwati Hardware & Electricals,PRT0193,"1.5D Elbow,GI  - Class C, ERW 50mm",PB0657,,,,
Bhagwati Hardware & Electricals,PRT0193,"1.5D Elbow,GI  - Class C, ERW 80mm",PB0656,,,,
Shiva Tools & Mill Store,PRT0238,"1"" Chain 3 Mtr",PB0858,,,,
Shiva Tools & Mill Store,PRT0238,"1"" Chain Lock Full",PB0854,,,,
Shiva Tools & Mill Store,PRT0238,"1"" Chain Lock Half",PB0855,,,,
Mittal Machinery Store,PRT0035,10 AMP Socket,PB0794,,,,
Mittal Machinery Store,PRT0035,10 AMP Switch,PB0793,,,,
New Kanha Medical Store,PRT0255,10 Ml Syring,PB1044,,,,
Mittal Machinery Store,PRT0035,10 Sqmm X 3 Core Copper Flexible Cable,PB0696,,,,
Bhagwati Hardware & Electricals,PRT0193,100 Watt Colt Bulb,PB1287,,,,
A. R. Enterprises,PRT0283,10mm PIN TYPE COPPER LUG,PB0947,,,,
A. R. Enterprises,PRT0283,10mm RING TYPE COPPER LUG,PB0949,,,,
Nandan Steels,PRT0105,10mm Thick MS Plate Size-1500X5000 mm,PB0299,,,,
Power Tech India,PRT0182,11 KV HT VCB I/C+OG Make Crompton Greave,PB0578,,,,
Namdev & Sons,PRT0163,11 KV Pin Insulator With Pin,PB0598,,,,
Mittal Machinery Store,PRT0035,12 Model Plate With Pvc Box,PB0789,,,,
J. P. Sales Corporation,PRT0120,12 V 18 AH Battery Make : Rocket,PB0328,,,,
Bhagwati Hardware & Electricals,PRT0193,12 Way MCB Box,PB1245,,,,
Bharat Hardware And Electricals,PRT0112,120 LUG Ring all,PB1028,,,,
Bhargava Brothers,PRT0009,1222 Perm Marker LXR,PB0922,,,,
Royal Trading Co.,PRT0250,1222 Perm Marker LXR,PB0922,,,,
Atul Steel Associates,PRT0121,12mm Thick MS Plate Size-1250X2500mm,PB0341,,,,
PATRAM ISPAT BHANDAR,PRT0104,12mm Thick MS Plate Size-1500 X 6300 Mm,PB0241,,,,
Nandan Steels,PRT0105,12mm Thick MS Plate Size-1500 X 6300 Mm,PB0241,,,,
Mittal Machinery Store,PRT0035,16 AMP Combined Box,PB0790,,,,
Mittal Machinery Store,PRT0035,16 AMP Socket,PB0792,,,,
Mittal Machinery Store,PRT0035,16 AMP Switch Modular,PB0791,,,,
Bhagwati Hardware & Electricals,PRT0193,16 AMP Switch Modular,PB0791,,,,
Ganpati Trading Company,PRT0252,16 AMP Switch Modular,PB0791,,,,
A. R. Enterprises,PRT0283,16mm PIN TYPE COPPER LUG,PB0946,,,,
A. R. Enterprises,PRT0283,16mm RING TYPE COPPER LUG,PB0948,,,,
Nandan Steels,PRT0105,16mm Thick MS Plate,PB0601,,,,
Nandan Steels,PRT0105,16mm Thick MS Plate Size-1250X6000mm,PB0426,,,,
A. R. Enterprises,PRT0283,19mm DC Gland,PB0952,,,,
Shri Ram Enterprises,PRT0209,2 Coat Paint With Wall Putty With Materi,PB0702,,,,
Bhagwati Hardware & Electricals,PRT0193,2 Way MCB Box,PB1243,,,,
A. R. Enterprises,PRT0283,2 Way MS Push Button Box,PB0777,,,,
Bharat Hardware And Electricals,PRT0112,2.5 MM Pin TYPE COPPER Insulaction,PB1288,,,,
Bharat Hardware And Electricals,PRT0112,2.5 MM RING TYPE COPPER LUG,PB1289,,,,
Ganpati Trading Company,PRT0252,2.5mm Copper Wire Single Core,PB0968,,,,
Shiva Tools & Mill Store,PRT0238,"2"" Chain Lock Full",PB0860,,,,
Atul Steel Associates,PRT0121,20mm Thick MS Plate Size-1500X1000 mm,PB0340,,,,
Royal Trading Co.,PRT0250,23AE 12V Battery,PB0934,,,,
Ritik Communication,PRT0155,24 Port D-Link Switch GIGABIT (DGS1210-2,PB0503,,,,
Bharat Hardware And Electricals,PRT0112,240 LUG Ring type,PB1029,,,,
A. R. Enterprises,PRT0283,25 HP Star Delta Starter,PB1149,,,,
Nandan Steels,PRT0105,25mm Thick MS Plate Size-1500X5000 mm,PB0291,,,,
Balaji Enterprises,PRT0201,26 GM Preform,PB0691,,,,
Bharat Hardware And Electricals,PRT0112,3.15 MS Welding Rod Manglam,PB0250,,,,
Bharat Hardware And Electricals,PRT0112,3.15mm MS Welding Rod Ador,PB0252,,,,
Durga Polyplast Pvt. Ltd.,PRT0203,30 Ml Eye Drop Bottle Complete Set,PB0694,,,,
VS Group,PRT0256,30 Mtr Measuring Tape,PB0988,,,,
Bharat Hardware And Electricals,PRT0112,30ampX3 Pole Matel Plug With Socket MCB+,PB1182,,,,
Mittal Machinery Store,PRT0035,35 SQMM X3.5C Aluminium Armoured Cable,PB0760,,,,
Bharat Hardware And Electricals,PRT0112,4 MM Pin TYPE COPPER LUG,PB1290,,,,
Bhagwati Hardware & Electricals,PRT0193,4 Way MCB Box,PB1244,,,,
Liberty Agencies,PRT0188,"4"" UPVC Tee",PB1092,,,,
Ultratech Cement Ltd,PRT0184,43 Grade OPC Cement Make : Ultratech,PB0582,,,,
A. R. Enterprises,PRT0283,45mm DC Gland,PB0954,,,,
ELITE ELECTRICALS,PRT0152,4mm 4 Core Copper  Flexible Cable,PB0574,,,,
Bharat Hardware And Electricals,PRT0112,4mm MS Welding Rod Ador,PB0253,,,,
Bharat Hardware And Electricals,PRT0112,4mm MS Welding Rod Manglam,PB0251,,,,
Bhagwati Hardware & Electricals,PRT0193,4mm MS Welding Rod Manglam,PB0251,,,,
PATRAM ISPAT BHANDAR,PRT0104,4mm Thick MS Sheet Size-1500 X 6300mm,PB0244,,,,
Nandan Steels,PRT0105,4mm Thick MS Sheet Size-1500 X 6300mm,PB0244,,,,
Bharat Hardware And Electricals,PRT0112,5 Mtr  M/Tape 10mm,PB0891,,,,
Bhagwati Hardware & Electricals,PRT0193,50 Mtr Measuring Tape,PB1084,,,,
Ritik Communication,PRT0155,50 PAIR MDF,PB0456,,,,
Mittal Machinery Store,PRT0035,500 RPM - Barf Gear Pump Model : HGN 300,PB0754,,,,
A. R. Enterprises,PRT0283,50mm DC Gland,PB0955,,,,
Bharat Hardware And Electricals,PRT0112,50mm Single Core Green Colour Wire,PB0989,,,,
Nandan Steels,PRT0105,5mm Thick MS Chequred Size-1250X6300mm,PB0423,,,,
Atul Steel Associates,PRT0121,5mm Thick MS Chequred Size-1500X6300mm,PB0342,,,,
PATRAM ISPAT BHANDAR,PRT0104,5mm Thick MS Plate Size-1500 X 6300mm,PB0243,,,,
Nandan Steels,PRT0105,5mm Thick MS Plate Size-1500 X 6300mm,PB0243,,,,
Mittal Machinery Store,PRT0035,6 AMP 3 Pin Top,PB0796,,,,
Mittal Machinery Store,PRT0035,6 Model Plate With Pvc Box,PB0787,,,,
Bharat Hardware And Electricals,PRT0112,6 SQMM RING TYPE COPPER LUG,PB1291,,,,
Ritik Communication,PRT0155,6 TB HDD,PB0504,,,,
Mittal Machinery Store,PRT0035,6 Way MCB Box,PB0797,,,,
Bhagwati Hardware & Electricals,PRT0193,"6"" Nipple 1/2""",PB1241,,,,
PATRAM ISPAT BHANDAR,PRT0104,6mm Thick MS Plate Size-1500 X 6300mm,PB0242,,,,
Nandan Steels,PRT0105,6mm Thick MS Plate Size-1500 X 6300mm,PB0242,,,,
Mittal Machinery Store,PRT0035,8 Model Plate With Pvc Box,PB0788,,,,
Excel Computer Graphics,PRT0208,8 Port D-Link Switch GIGABIT,PB1220,,,,
Bharat Hardware And Electricals,PRT0112,80 No. Emery Paper,PB0498,,,,
Royal Trading Co.,PRT0250,AA Cell 1.5V,PB1258,,,,
Royal Trading Co.,PRT0250,AAA Cell 1.5V,PB1259,,,,
Mittal Refrectories,PRT0236,Accaset - 50,PB0938,,,,
Central Drug House (P) Ltd,PRT0276,Acetone AR,PB1292,,,,
Bhagwati Hardware & Electricals,PRT0193,Adjustable Spanner L-205mm,PB1208,,,,
Bhagwati Hardware & Electricals,PRT0193,Adjustable Spanner L-305mm,PB1207,,,,
Ambica Scientific Industries,PRT0087,Agar for tissue culture,PB0317,,,,
Bharat Hardware And Electricals,PRT0112,Air Blower GBL 800E,PB1006,,,,
EuTech (India) Pvt. Limited,PRT0259,Air Blower GBL 800E,PB1006,,,,
Bhagwati Hardware & Electricals,PRT0193,"Ajbstos Hand Glous 14""",PB1293,,,,
Bhagwati Hardware & Electricals,PRT0193,Ajetable Roop 10mm,PB1294,,,,
Bhagwati Hardware & Electricals,PRT0193,Ajetable Roop 8mm,PB1295,,,,
Bharat Hardware And Electricals,PRT0112,Allen Csk 12x50mm With Nut,PB1099,,,,
Bharat Hardware And Electricals,PRT0112,Allen Key Set,PB1196,,,,
Bharat Hardware And Electricals,PRT0112,Allu. Paint High Temper 200,PB0500,,,,
MCA Industries,PRT0205,Alluminium Silicate,PB1172,,,,
Kundan Furniture,PRT0115,Almirah 36X18X78,PB0261,,,,
Khanduja Furniture,PRT0150,"Almirah 50""X30""X16"" without Locker",PB0625,,,,
A. R. Enterprises,PRT0283,Alu. Cable 150 Mm 3 Core Armoured 11 KV,PB0416,,,,
Royal Trading Co.,PRT0250,Aluminium Foil 1 Kg Pack,PB1049,,,,
Suboneyo Chemicals Pharmaceuticals P Ltd,PRT0041,Amino Powder 50%,PB0214,,,,
Central Drug House (P) Ltd,PRT0276,Ammonium Acetate,PB0637,,,,
M H Enterprises,PRT0068,Ammonium Acetate,PB0637,,,,
Ambica Scientific Industries,PRT0087,Ammonium Chloride AR,PB0307,,,,
Titan Biotech Limited,PRT0003,Ammonium Fluoride NH4F,PB0639,,,,
M H Enterprises,PRT0068,Ammonium Fluoride NH4F,PB0639,,,,
Ambica Scientific Industries,PRT0087,Ammonium Hydroxide AR,PB0306,,,,
Titan Biotech Limited,PRT0003,Ammonium Molybdate,PB0640,,,,
M H Enterprises,PRT0068,Ammonium Molybdate,PB0640,,,,
Titan Biotech Limited,PRT0003,Ammonium Sulfate,PB0138,,,,
Bhagwati Hardware & Electricals,PRT0193,Anchor Fastner 10X100mm,PB1296,,,,
A. R. Enterprises,PRT0283,Anchor Fastner 12X100mm,PB0554,,,,
Bhagwati Hardware & Electricals,PRT0193,Anchor Fastner 12X100mm,PB0554,,,,
Bharat Hardware And Electricals,PRT0112,Anchor Fastner Bolt 16X150mm,PB0553,,,,
Sharma Brothers,PRT0022,Angle Cock ( Parryware ) : Jade Parry,PB1014,,,,
Shiva Tools & Mill Store,PRT0238,ARC Welding Holder,PB1119,,,,
Titan Biotech Limited,PRT0003,Ascorbic Acid LR Grade,PB0643,,,,
M H Enterprises,PRT0068,Ascorbic Acid LR Grade,PB0643,,,,
Bharat Hardware And Electricals,PRT0112,Asian Oil Paint Apcolite Enamel White,PB0430,,,,
Surendra Cycle Works,PRT0217,"Atlas Goldline Super Dx Cycle 22"" With C",PB0725,,,,
Rishi Offset Printers,PRT0099,Attendance Register,PB1038,,,,
Ambica Scientific Industries,PRT0087,Azotobacter (Manitol) M372,PB0313,,,,
Patanjali Paridhan Pvt. Ltd.,PRT0233,Back Pack,PB0813,,,,
Shri Ganesh Engineering Materials,PRT0278,Bag Closer Sewing Machine - Single Needl,PB1285,,,,
Maa Ganga Bags Udyog,PRT0210,Bag for Soil Test Kit (with print),PB0703,,,,
Shri Sai Ram Enterprises,PRT0214,Bag for Soil Test Kit (with print),PB0703,,,,
New Kanha Medical Store,PRT0255,Baid Aid (P),PB1064,,,,
Bhagwati Hardware & Electricals,PRT0193,"Ball valve 1""",PB1297,,,,
Bhagwati Hardware & Electricals,PRT0193,"Ball valve 1/2""",PB1298,,,,
Liberty Agencies,PRT0188,Ballvalve 50mm,PB0621,,,,
Royal Trading Co.,PRT0250,Bamboo Stock for Broom,PB1037,,,,
Royal Trading Co.,PRT0250,Bandage 2 Inch,PB1062,,,,
New Kanha Medical Store,PRT0255,Bandage 2 Inch,PB1062,,,,
Global Engineering & Packaging Solutions,PRT0011,Bar Code Lable,PB0477,,,,
M H Enterprises,PRT0068,Barium Chloride,PB0650,,,,
Bharat Hardware And Electricals,PRT0112,"Batten 25mm, 1 """,PB0904,,,,
Lalit Enterprises,PRT0156,"Battery 12V, 150 AH Model : Exide Gold",PB0458,,,,
Lalit Enterprises,PRT0156,"Battery 12V, 180 xp1800 AH Model : Exide",PB0670,,,,
VDS Solutions,PRT0110,Battery 12V7AH For UPS,PB0249,,,,
Infotrend Technologies,PRT0158,Battery 12V7AH For UPS,PB0249,,,,
Lalit Enterprises,PRT0156,Battery Charger Cum Inverter 24v,PB0802,,,,
Shiva Tools & Mill Store,PRT0238,Bearing 22208,PB1136,,,,
Garud Overseas Distribution,PRT0142,Bearing 22213 K,PB1094,,,,
Garud Overseas Distribution,PRT0142,Bearing 22215 K,PB0380,,,,
Garud Overseas Distribution,PRT0142,Bearing 22217 J,PB0834,,,,
Garud Overseas Distribution,PRT0142,Bearing 22217 K,PB0379,,,,
Garud Overseas Distribution,PRT0142,Bearing 22218 K,PB0378,,,,
Bharat Hardware And Electricals,PRT0112,Bearing 6206-2Z (Make SKF),PB0916,,,,
Orient Enterprise (Guj) Pvt. Ltd.,PRT0094,Bearing 6208-2Z (Make SKF),PB0222,,,,
Garud Overseas Distribution,PRT0142,Bearing 6218,PB0835,,,,
Garud Overseas Distribution,PRT0142,Bearing 6218 (Make SKF),PB0811,,,,
Bharat Hardware And Electricals,PRT0112,Bearing 6306-2Z (Make SKF),PB0915,,,,
Orient Enterprise (Guj) Pvt. Ltd.,PRT0094,Bearing 6307-2Z (Make SKF),PB0221,,,,
Bharat Hardware And Electricals,PRT0112,Bearing 6310 C3 Make SKF,PB0699,,,,
MD Agrotech,PRT0111,Bentonite Clay Granule,PB0031,,,,
Natraj Organics Limited,PRT0013,Bentonite Clay Powder,PB0026,,,,
Siddharth Minerals,PRT0082,Bentonite Clay Powder,PB0026,,,,
MD Agrotech,PRT0111,Bentonite Clay Powder,PB0026,,,,
New Kanha Medical Store,PRT0255,Betnevate N,PB1061,,,,
S. KUMAR & COMPANY,PRT0292,Bhindi F1 Soumya,PB1108,,,,
S. KUMAR & COMPANY,PRT0292,Bhindi F1 SV8999,PB1109,,,,
Sharma Brothers,PRT0022,Bib Cock Short Body ; Jade Parry,PB1015,,,,
Royal Trading Co.,PRT0250,Binder Clip 32mm Oddy,PB1299,,,,
FermEx Solutions LLP,PRT0095,BioFMX 100L Fully Automatic Fermenter,PB0223,,,,
FermEx Solutions LLP,PRT0095,BioFMX 5000L Fully Automatic Fermenter,PB0224,,,,
Bhargava Brothers,PRT0009,Black Board,PB0998,,,,
Bharat Hardware And Electricals,PRT0112,Black Glass H,PB0927,,,,
Bharat Hardware And Electricals,PRT0112,Black Gogle Zoom,PB0929,,,,
Bharat Hardware And Electricals,PRT0112,Black Paint,PB1075,,,,
Bhagwati Hardware & Electricals,PRT0193,Blead Glorey (Cutter Blades),PB1177,,,,
M Y Engineering Works,PRT0144,Blor Shaft Coupling 830X75 Coupling 6215,PB0400,,,,
Bhargava Brothers,PRT0009,BM 52A Highlighter,PB1188,,,,
Mighty Autowheels Pvt. Ltd.,PRT0137,Bolero P+ ZLX,PB0365,,,,
Mittal Machinery Store,PRT0035,"Bolt, Washers & Locking Nut for Disc Bla",PB0800,,,,
Universal Industries,PRT0005,Borax Penta 15%,PB0037,,,,
S. KUMAR & COMPANY,PRT0292,Borocoli Seeds,PB0748,,,,
Central Drug House (P) Ltd,PRT0276,Boromothymol Blue AR,PB0648,,,,
M H Enterprises,PRT0068,Boromothymol Blue AR,PB0648,,,,
Satyam Stationery Mart,PRT0015,Bouffants Cap (Blue),PB0255,,,,
Royal Trading Co.,PRT0250,Box File,PB1235,,,,
Bharat Hardware And Electricals,PRT0112,"Brass Ball Cock Heavy 1"" Set",PB0964,,,,
Bhagwati Hardware & Electricals,PRT0193,Brass Showar With Hose Nipple,PB1228,,,,
Wadhwa Hardware,PRT0258,Brass Spreader (H),PB1010,,,,
Bhagwati Hardware & Electricals,PRT0193,Bulb Holder,PB1300,,,,
Bharat Hardware And Electricals,PRT0112,Bus Green Oil Paints,PB0973,,,,
Bhagwati Hardware & Electricals,PRT0193,"Butter Flay Valve 3""",PB1097,,,,
Bharat Hardware And Electricals,PRT0112,"Butterfly Valve 10""",PB1023,,,,
OM STEEL INDIA,PRT0269,"Butterfly Valve 6""",PB1157,,,,
Bhargava Brothers,PRT0009,Button Folder,PB0943,,,,
Sharma Brothers,PRT0022,C.P Pillar Cock : Jade : Parry,PB1017,,,,
Wadhwa Hardware,PRT0258,"C.P.Jali 5"" ( Plain/Cut)",PB1012,,,,
S. KUMAR & COMPANY,PRT0292,Cabbage Seeds,PB0745,,,,
Ritik Communication,PRT0155,Cable Cat,PB0505,,,,
Namdev & Sons,PRT0163,Cable End Termination Box 150 Mm Sq 3 Co,PB0592,,,,
Bharat Hardware And Electricals,PRT0112,Cable Gland 35mm Double,PB1001,,,,
Mittal Machinery Store,PRT0035,Cable Gland PG - 12,PB0697,,,,
A. R. Enterprises,PRT0283,Cable Gland PG - 16,PB0763,,,,
A. R. Enterprises,PRT0283,Cable Tie 200 Mm,PB0575,,,,
A. R. Enterprises,PRT0283,Cable Tie 250 Mm,PB0945,,,,
A. R. Enterprises,PRT0283,Cable Tie 300 MM,PB0762,,,,
Bharat Hardware And Electricals,PRT0112,Cable Tie 300 MM,PB0762,,,,
Bhagwati Hardware & Electricals,PRT0193,Cable Tie 300 MM,PB0762,,,,
A. R. Enterprises,PRT0283,Cable Tie 400 Mm,PB0944,,,,
Titan Biotech Limited,PRT0003,Calcium Carbonate LR,PB0177,,,,
Systonic,PRT0183,Calcium Filter Cost,PB0581,,,,
Bhargava Brothers,PRT0009,Calculater,PB0924,,,,
Bhargava Brothers,PRT0009,Calculater MJ120,PB1164,,,,
Shweta Computers,PRT0218,Canon G-3010 Printer,PB0751,,,,
Friends Computer Gallery,PRT0265,Canon G-3010 Printer,PB0751,,,,
Excel Computer Graphics,PRT0208,Canon ImageCLASS 232 Printer,PB0700,,,,
S. KUMAR & COMPANY,PRT0292,Capsicum Seeds,PB0746,,,,
Satyam Stationery Mart,PRT0015,Carbon Paper Kores Multicopy,PB0897,,,,
VARDHMAN INSTRUMETS & CHEMICAL GOODS PVT,PRT0128,CARBOXY METHYL CELLULOSE (CMC) comercial,PB0346,,,,
Bhagwati Hardware & Electricals,PRT0193,"Cast Iron Butterfly Valve,#150 Flange 40",PB0664,,,,
Bhagwati Hardware & Electricals,PRT0193,"Cast Iron Butterfly Valve,#150 Flange 50",PB0663,,,,
Bhagwati Hardware & Electricals,PRT0193,"Cast Iron Butterfly Valve,#150 Flange 80",PB0662,,,,
Bharat Hardware And Electricals,PRT0112,"Cast Iron Butterfly Valve,#150 Flange150",PB0827,,,,
Mittal Refrectories,PRT0236,Castable Super,PB0939,,,,
Gainwell Commonsales Private Limited,PRT0194,CAT DEO CI4 15W40,PB1261,,,,
S. KUMAR & COMPANY,PRT0292,Cauli Flower Seeds,PB0742,,,,
Bhargava Brothers,PRT0009,"Cello Tape 1""",PB0971,,,,
Royal Trading Co.,PRT0250,"Cello Tape 1""",PB0971,,,,
Royal Trading Co.,PRT0250,"Cello Tape 1/2""",PB1236,,,,
Bhargava Brothers,PRT0009,"Cello Tape 2""",PB1161,,,,
DEEPAK GUPTA & CO.,PRT0190,CF4 15W40 Servo Pre.,PB0671,,,,
Bhagwati Hardware & Electricals,PRT0193,"Chain 2"" 3 Mtr",PB0838,,,,
Bharat Hardware And Electricals,PRT0112,Chain Block 1 Ton,PB0839,,,,
Bharat Hardware And Electricals,PRT0112,Chain Block 2 Ton,PB0840,,,,
M Y Engineering Works,PRT0144,Chain Mill Rooter circle OD 350X12 Shaft,PB0394,,,,
Bhargava Brothers,PRT0009,Chalk Box,PB0996,,,,
Wadhwa Hardware,PRT0258,Chapla Bracket,PB1022,,,,
Global Engineering & Packaging Solutions,PRT0011,Chip Ink,PB0478,,,,
Bhagwati Hardware & Electricals,PRT0193,"Chisel 12""",PB1194,,,,
Bharat Hardware And Electricals,PRT0112,"Chisel 6""",PB1195,,,,
Green Agritech Equipment,PRT0180,Chlorophyll Meter SPAD 502 Plus,PB0577,,,,
XYLEM WATER SOLUTIONS INDIA PVT LTD,PRT0175,CHW PUMP IE3 Model : 1532 1-1/2 AC,PB0531,,,,
Bhagwati Hardware & Electricals,PRT0193,"Ciling Fan 48""",PB1225,,,,
Bharat Hardware And Electricals,PRT0112,Circlip Plier Inner,PB1197,,,,
Bharat Hardware And Electricals,PRT0112,Circlip Plier Outer,PB1198,,,,
M H Enterprises,PRT0068,Citric Acid Anhydrous LR,PB0163,,,,
Starco Biotech Pvt. Limited,PRT0280,"City Compost, Organic Manure",PB0207,,,,
Natraj Organics Limited,PRT0013,"City Compost, Organic Manure",PB0207,,,,
Organic Crop Care,PRT0247,"City Compost, Organic Manure",PB0207,,,,
Gainwell Commonsales Private Limited,PRT0194,Clamp - 4J8536,PB1280,,,,
Gainwell Commonsales Private Limited,PRT0194,Clamp Hose - 5P3860,PB1279,,,,
Ceasefire Industries Pvt. Ltd.,PRT0145,Clean Agent 2 Kg,PB0410,,,,
Global Engineering & Packaging Solutions,PRT0011,Cleaning Solution 901-Q,PB0900,,,,
Shiva Tools & Mill Store,PRT0238,"Clip 4""",PB1120,,,,
Ceasefire Industries Pvt. Ltd.,PRT0145,CO2 Type Fire Extunguisher 4.5 Kg Cap,PB0412,,,,
Bhagwati Hardware & Electricals,PRT0193,Combination Plier,PB1209,,,,
Remi Sales & Engineering Ltd.,PRT0186,Communication Cable (L10000811),PB0724,,,,
Phox India Industrial Services,PRT0185,Comp LUB - 2H,PB0589,,,,
FermEx Solutions LLP,PRT0095,Complete Automation of 2500L Fermenter,PB0225,,,,
Namdev & Sons,PRT0163,Complete Construction of 11 KV Line,PB0480,,,,
Namdev & Sons,PRT0163,Complete Supply of Cabling & Fixing,PB0481,,,,
A. R. Enterprises,PRT0283,Complete Supply of Elec. item with Fitti,PB0679,,,,
ARYA ENTERPRISES,PRT0195,Complete Supply of Elec. item with Fitti,PB0679,,,,
Prakash Engineering Company,PRT0164,Complete Supply of Light & Fans Fittings,PB0482,,,,
NEW SURYA TAILOR,PRT0037,Complete Uniform - Brown,PB0517,,,,
NEW SURYA TAILOR,PRT0037,Complete Uniform - White,PB0516,,,,
Ambica Scientific Industries,PRT0087,Condencer Connector Funnel,PB0324,,,,
S.V.Scientific Co.,PRT0293,Conical Flask 5 ltr (Borosil),PB0812,,,,
Remi Sales & Engineering Ltd.,PRT0186,Controller (LCD Version) (L10000309),PB0721,,,,
CHARU BELTINGS,PRT0085,Conveyer Belt Jointing at Site Width 600,PB0613,,,,
CHARU BELTINGS,PRT0085,Conveyer Belt Jointing at Site Width 750,PB0612,,,,
Mohan Fabtech Pvt. Ltd.,PRT0089,Conveyor Machine,PB0631,,,,
Gainwell Commonsales Private Limited,PRT0194,COOLENT ELI Premix,PB0676,,,,
XYLEM WATER SOLUTIONS INDIA PVT LTD,PRT0175,Cooling Tower Water IE3 -1532 2-1/2AB,PB0532,,,,
Mittal Machinery Store,PRT0035,Copper Flexible Cable 1.5sqmmX3Core,PB0786,,,,
Mittal Machinery Store,PRT0035,Copper Flexible Cable 1.5sqmmX4Core,PB0759,,,,
Mittal Machinery Store,PRT0035,Copper Flexible Cable 2.5sqmmX3Core,PB0758,,,,
ELITE ELECTRICALS,PRT0152,COPPER FLEXIBLE CABLE 6 SQ MM X 3 CORE,PB0447,,,,
ELITE ELECTRICALS,PRT0152,COPPER FLEXIBLE CABLE 6 SQ MM X 4 CORE,PB1030,,,,
Mittal Machinery Store,PRT0035,COPPER FLEXIBLE WIRE 1.0 SQ MM SINGLE CO,PB0442,,,,
A. R. Enterprises,PRT0283,Copper Lugs 1.5 Sqmm Pin Type,PB0698,,,,
Mittal Machinery Store,PRT0035,Copper Lugs 1.5 Sqmm Pin Type,PB0698,,,,
Bharat Hardware And Electricals,PRT0112,Copper Lugs 50 Sqmm,PB0991,,,,
Mittal Machinery Store,PRT0035,Copper Lugs U Type 1.5 Mm,PB0569,,,,
ELITE ELECTRICALS,PRT0152,COPPER Wire 6 SQ MM X 1 CORE Green,PB1087,,,,
S. KUMAR & COMPANY,PRT0292,Coriander Seeds,PB0740,,,,
Rostfrei Steels Pvt Ltd,PRT0116,Cost of Erection & Commi. Includ Labour,PB0263,,,,
Rostfrei Steels Pvt Ltd,PRT0116,Cost of MS Support Structure ForAgitator,PB0264,,,,
Royal Trading Co.,PRT0250,Cotton Appron Blue,PB0919,,,,
New Kanha Medical Store,PRT0255,Cotton Roll,PB1059,,,,
Mittal Machinery Store,PRT0035,Coupling of Above Pump,PB0756,,,,
Imran,PRT0176,Cow Dung,PB0533,,,,
Rohit Kumar,PRT0177,Cow Dung,PB0533,,,,
Bal Krishan Sharma,PRT0178,Cow Dung,PB0533,,,,
Rohitash,PRT0197,Cow Dung,PB0533,,,,
Mohd. Murasaleen,PRT0198,Cow Dung,PB0533,,,,
MD Meharban,PRT0207,Cow Dung,PB0533,,,,
Intjar,PRT0212,Cow Dung,PB0533,,,,
Mukesh Giri,PRT0219,Cow Dung,PB0533,,,,
New Kanha Medical Store,PRT0255,Crape Bandage,PB1058,,,,
Bharat Hardware And Electricals,PRT0112,Cutter,PB1202,,,,
Royal Trading Co.,PRT0250,Cutter Big,PB1202,,,,
Royal Trading Co.,PRT0250,Cutter Small,PB1202,,,,
Bhagwati Hardware & Electricals,PRT0193,Cutting Nozzle Size 1/32,PB1083,,,,
Bhagwati Hardware & Electricals,PRT0193,"Cutting Wheel  4""",PB0542,,,,
UFLEX LIMITED,PRT0224,Cylinder Base Shell Cir(400-650 mm),PB0778,,,,
UFLEX LIMITED,PRT0224,Cylinder Base Shell Cir(650-900 mm),PB0779,,,,
Bhagwati Hardware & Electricals,PRT0193,D-Shackle 17 Ton,PB1168,,,,
VASU AUTOMATION & CONTROLS,PRT0130,"DANFOSS AC DRIVE FOR 15KW /20HP ,I/P 440",PB0347,,,,
A. R. Enterprises,PRT0283,DB SPN 4WAY DOUBLE DOOR,PB0444,,,,
H.V.Technologies,PRT0286,DE002-1PK Dodeca G-I-Plus - Hi Media (C),PB0486,,,,
H.V.Technologies,PRT0286,DE003-1PK Dodeca G-I-Minus - Hi Media ©,PB0489,,,,
H.V.Technologies,PRT0286,DE009-1PK Dodeca G-II-Plus -Hi Media (C),PB0487,,,,
H.V.Technologies,PRT0286,DE010-1PK Dodeca G-II-Minus - Hi Media ©,PB0490,,,,
H.V.Technologies,PRT0286,DE023-1PK Dodeca G-IV-Plus -Hi Media (C),PB0488,,,,
H.V.Technologies,PRT0286,DE031-1PK Dodeca G-VI-Minus - Hi Media ©,PB0491,,,,
Transtek Infoways Private Ltd,PRT0131,Dell Latitude 3480 Laptop / Intel Core,PB0356,,,,
Transtek Infoways Private Ltd,PRT0131,Dell Latitude 3490 Laptop / Intel Core,PB0607,,,,
Transtek Infoways Private Ltd,PRT0131,Dell Optiplex 3050 Desktop / Intel Core,PB0608,,,,
Dell International Services India Pvt Lt,PRT0173,Desktop I3,PB0528,,,,
DEV IT Serv Private Limited,PRT0216,Desktop I3 M710 SFF 7th Gen,PB0708,,,,
Central Drug House (P) Ltd,PRT0276,Dextrose (Mono),PB0135,,,,
Titan Biotech Limited,PRT0003,Dextrose (Mono),PB0135,,,,
Ambica Scientific Industries,PRT0087,Dextrose Anh.,PB0303,,,,
Titan Biotech Limited,PRT0003,Di-Potassium Hydrogen Ortho-Phosphate,PB0133,,,,
Shiva Tools & Mill Store,PRT0238,"Digital Vernier - 12""",PB0846,,,,
Bharat Hardware And Electricals,PRT0112,Digital Volt Meter DM2310,PB0992,,,,
Remi Sales & Engineering Ltd.,PRT0186,Display PCB (LCD Version) (L10000725),PB0722,,,,
Royal Trading Co.,PRT0250,Disposable Cap Blue,PB0932,,,,
Shree Ramdev Trading Co.,PRT0257,Disposable Cap Blue,PB0932,,,,
Royal Trading Co.,PRT0250,Disposable Nose Mask Green,PB0933,,,,
Ambica Scientific Industries,PRT0087,Distillation Cooling Pipe,PB0326,,,,
Ambica Scientific Industries,PRT0087,Distillation Funnel,PB0325,,,,
New Kanha Medical Store,PRT0255,Doctor Tape,PB1060,,,,
Bhargava Brothers,PRT0009,Doms DF Pen Blue Use & Through - 3.00,PB0942,,,,
Wadhwa Hardware,PRT0258,Doomed Waste Coupling (T9954A1),PB1011,,,,
Bharat Hardware And Electricals,PRT0112,Door Closer,PB0809,,,,
Bhagwati Hardware & Electricals,PRT0193,Door Closer,PB0809,,,,
Royal Trading Co.,PRT0250,Door Mat Green,PB1275,,,,
R.K. Dispo Packs,PRT0012,"Dose Cap for Neem Gold 0.25, 0.5, 1 Ltr",PB0100,,,,
Chandwani Furnitures,PRT0284,"Drawer Channel Heavy 14""",PB1301,,,,
Sri Sai Plastics Enterprises,PRT0199,Dropper 3 Ml,PB0686,,,,
M Y Engineering Works,PRT0144,Drum Spoter Roll 150X200X90X275 Bearing,PB0387,,,,
M Y Engineering Works,PRT0144,Drum Spoter Roll 350X250X190X58 Bearing,PB0388,,,,
M Y Engineering Works,PRT0144,Drum Tayar Ring 1350X100X40X14,PB0391,,,,
M Y Engineering Works,PRT0144,Drum Tayar ring 1980X150X2130,PB0390,,,,
Ritik Communication,PRT0155,DSP Card for Panasonic System,PB0453,,,,
Satyam Stationery Mart,PRT0015,"Dust Control Moup 24""",PB0258,,,,
Royal Trading Co.,PRT0250,Dustbine,PB1055,,,,
Ritik Communication,PRT0155,DVR 4 Channel,PB1031,,,,
Bharat Hardware And Electricals,PRT0112,Ear Plug,PB0819,,,,
Namdev & Sons,PRT0163,Earthing Strip GI 25 X 06 Mm,PB0597,,,,
Ambica Scientific Industries,PRT0087,EC Probe for General Purpose,PB1302,,,,
JOSHI WELDING COMPONENTS & HARDWARE,PRT0102,"Elbow 1""  SCH-40",PB0232,,,,
M.G Marketing Services (U.K 2018-2019),PRT0103,"Elbow 1""  SCH-40",PB0232,,,,
Bharat Hardware And Electricals,PRT0112,"Elbow 1""  SCH-40",PB0232,,,,
Bhagwati Hardware & Electricals,PRT0193,"Elbow 1/2""",PB1242,,,,
Bharat Hardware And Electricals,PRT0112,Elbow 50mm  SCH-40,PB0616,,,,
Liberty Agencies,PRT0188,Elbow 50mm  SCH-40,PB0616,,,,
Namdev & Sons,PRT0163,"Electrode GI Dia 50, Length 3000 Mm With",PB0594,,,,
Yokogawa India Limited,PRT0162,Electromagnetic Flowmeter,PB0479,,,,
Gainwell Commonsales Private Limited,PRT0194,ELEMENT PANEL 81536080,PB0675,,,,
Marudhara Polypack Industries,PRT0281,Empty Bag for Patanjali Jaivik Khad 10Kg,PB0986,,,,
Kotak Polypack Industries,PRT0004,Empty Bag for Patanjali Jaivik Khad 40Kg,PB0047,,,,
Marudhara Polypack Industries,PRT0281,Empty Bag for Patanjali Jaivik PROM 10Kg,PB0882,,,,
Marudhara Polypack Industries,PRT0281,Empty Bag for Patanjali Jaivik PROM 40Kg,PB0881,,,,
Kotak Polypack Industries,PRT0004,Empty Bag for Patanjali Jaivik PROM 40Kg,PB0881,,,,
Marudhara Polypack Industries,PRT0281,Empty Bag for Patanjali Poshak 1 Kg,PB0883,,,,
Marudhara Polypack Industries,PRT0281,Empty Bag for Patanjali Poshak 5Kg,PB0049,,,,
Kotak Polypack Industries,PRT0004,Empty Bag for Patanjali PROM 50Kg,PB0048,,,,
R.K. Dispo Packs,PRT0012,Empty Bottle 0.1 Liter,PB0054,,,,
R.K. Dispo Packs,PRT0012,Empty Bottle 1 Liter,PB0050,,,,
Jagan Enterprises,PRT0275,Empty Bottle 1 Liter,PB0050,,,,
GANGA MATA PRODUCTS,PRT0123,Empty CV Box 1 Kg,PB0060,,,,
GANGA MATA PRODUCTS,PRT0123,Empty CV Box 1 Liter,PB0055,,,,
ATRI PAPERS PRIVATE LIMITED,PRT0268,Empty CV Box 1 Liter,PB0055,,,,
ATRI PAPERS PRIVATE LIMITED,PRT0268,Empty CV Box for SITA KIT,PB1130,,,,
ATRI PAPERS PRIVATE LIMITED,PRT0268,Empty CV Box for SITA KIT with Plate,PB1130,,,,
NEW WAYS ENTERPRISES,PRT0097,Empty OuterBag for Patanjali Poshak 50Kg,PB0116,,,,
A. R. Enterprises,PRT0283,ENCLOSURE SIZE-II CAT NO-CM91003OOOO,PB0446,,,,
Ritik Communication,PRT0155,EPBEX NS300 for Panasonic System,PB0452,,,,
Bhargava Brothers,PRT0009,Eraser Non Dust (J) 20 PCS per Dabbi,PB1186,,,,
Ambica Scientific Industries,PRT0087,Eriochrome Black (T) Indicator,PB0310,,,,
M H Enterprises,PRT0068,Ethanol,PB0649,,,,
Titan Biotech Limited,PRT0003,Ethylene Diamine Tetraacetic Acid (EDTA),PB0737,,,,
M H Enterprises,PRT0068,Ethylene Diamine Tetraacetic Acid (EDTA),PB0737,,,,
Padmaja Enterprises,PRT0225,Executive Chair,PB0781,,,,
Bharat Hardware And Electricals,PRT0112,Exhaust Fan (Plastic) 300mm,PB0906,,,,
Infotrend Technologies,PRT0158,Externel Hard Disc,PB0474,,,,
Satyam Stationery Mart,PRT0015,Face Mask II Ply Green Elastic,PB0180,,,,
Forbes Marshall Pvt Ltd,PRT0222,Fermenter Boiler Steam PRS & Accessories,PB0765,,,,
Universal Industries,PRT0005,Ferrous Sulphate 19%,PB0033,,,,
Central Drug House (P) Ltd,PRT0276,Ferrous Sulphate LR,PB0170,,,,
Nankani Jute House,PRT0237,Fevicol SR 505 (Adhesive Charges),PB0830,,,,
Bhagwati Hardware & Electricals,PRT0193,File Flat,PB1214,,,,
Gainwell Commonsales Private Limited,PRT0194,Filter AS-LU 1R0749,PB0673,,,,
Gainwell Commonsales Private Limited,PRT0194,Filter AS-LU 1R1808,PB0672,,,,
Phox India Industrial Services,PRT0185,Filter Housing,PB0588,,,,
Unitek Scientific & Electronics Industry,PRT0204,Filter Paper 12.5 Cm Routine Quality,PB0695,,,,
Optec Instrumentation,PRT0202,Filter Paper 9.5 Cm Routine Quality,PB1267,,,,
Unitek Scientific & Electronics Industry,PRT0204,Filter Paper 9.5 Cm Routine Quality,PB1267,,,,
Mittal Refrectories,PRT0236,"Fire Bricks E/A 3X2 3/4""",PB0937,,,,
Mittal Refrectories,PRT0236,Fire Bricks Std.,PB0901,,,,
Samir Charcoal Company,PRT0125,Fire Wood,PB0345,,,,
Sameer Charcoal Company,PRT0127,Fire Wood,PB0345,,,,
OM Enterprises,PRT0221,Fire Wood,PB0345,,,,
Yuvraj Enterprises,PRT0232,Fire Wood,PB0345,,,,
R. S. Steel Furniture,PRT0264,Fix Chair,PB1142,,,,
Bhagwati Hardware & Electricals,PRT0193,"Flang Type Gate Valve 3""",PB1121,,,,
Bharat Hardware And Electricals,PRT0112,"Flange - GI, ANSI #150 150mm",PB0826,,,,
Bhagwati Hardware & Electricals,PRT0193,"Flange - GI, ANSI #150 40mm",PB0661,,,,
Bhagwati Hardware & Electricals,PRT0193,"Flange - GI, ANSI #150 50mm",PB0660,,,,
Bhagwati Hardware & Electricals,PRT0193,"Flange - GI, ANSI #150 80mm",PB0659,,,,
Bhagwati Hardware & Electricals,PRT0193,Flat Screw Driver L-150,PB1212,,,,
Bharat Hardware And Electricals,PRT0112,Flat Screw Driver L-280,PB1199,,,,
OM Production & Advertising,PRT0273,Flex Banner,PB1224,,,,
Bharat Hardware And Electricals,PRT0112,Float Switch,PB0972,,,,
Royal Trading Co.,PRT0250,Floor Duster Pocha,PB1101,,,,
Paras Enterprises,PRT0271,"Flow Switch Mouting 1""",PB1143,,,,
Shri Vijay Electricals,PRT0294,Fly Catcher Machine,PB1304,,,,
A. R. Enterprises,PRT0283,"Foot Mounted Electric Motor, HP-10, RPM",PB0270,,,,
A. R. Enterprises,PRT0283,"Foot Mounted Electric Motor, HP-15, RPM",PB0274,,,,
A. R. Enterprises,PRT0283,"Foot Mounted Electric Motor, HP-20, RPM",PB0269,,,,2019-04-01 00:00:00
A. R. Enterprises,PRT0283,"Foot Mounted Electric Motor, HP-25, RPM",PB0268,,,,2019-04-01 00:00:00
A. R. Enterprises,PRT0283,"Foot Mounted Electric Motor, HP-3, RPM -",PB0273,,,,
A. R. Enterprises,PRT0283,"Foot Mounted Electric Motor, HP-30, RPM",PB0267,,,,2019-04-01 00:00:00
A. R. Enterprises,PRT0283,"Foot Mounted Electric Motor, HP-5, RPM -",PB0272,,,,
A. R. Enterprises,PRT0283,"Foot Mounted Electric Motor, HP-7.5, RPM",PB0271,,,,
Ambica Scientific Industries,PRT0087,Formaldehyde Sol (37-41% w/v) LR,PB0160,,,,
M. K. COOLING TOWERS PVT LTD,PRT0133,FRP SQUARE TYPE COOLING TOWER OF 250 TR,PB0360,,,,
JOSHI WELDING COMPONENTS & HARDWARE,PRT0102,"FTA  1"" SCH-40 THREADED",PB0237,,,,
M.G Marketing Services (U.K 2018-2019),PRT0103,"FTA  1"" SCH-40 THREADED",PB0237,,,,
Bharat Hardware And Electricals,PRT0112,"FTA  1"" SCH-40 THREADED",PB0237,,,,
Bharat Hardware And Electricals,PRT0112,FTA  50mm SCH-40 THREADED,PB0618,,,,
Liberty Agencies,PRT0188,FTA  50mm SCH-40 THREADED,PB0618,,,,
Liberty Agencies,PRT0188,FTA  50mm SCH-80 THREADED,PB1158,,,,
Gen.Tech Engineers,PRT0285,Fuel Filter Kit 4899920,PB1047,,,,
Lakshmi Engineering Corporation,PRT0157,"Full Lock 1.5"" Duplex",PB0467,,,,
Lakshmi Engineering Corporation,PRT0157,"Full Lock 1.5"" Simplex",PB0465,,,,
Lakshmi Engineering Corporation,PRT0157,"Full Lock 1"" Simplex",PB0463,,,,
Alligo Horizon Pvt Ltd,PRT0140,Fulvic Powder,PB0039,,,,
Sri Sai Plastics Enterprises,PRT0199,Funnels Plastic 50 mm,PB0685,,,,
Optec Instrumentation,PRT0202,Funnels Plastic 50 mm,PB0685,,,,
Archi Enterprises,PRT0270,Funnels Plastic 50 mm,PB0685,,,,
Bharat Hardware And Electricals,PRT0112,Fuse Holder,PB1045,,,,
Ambica Scientific Industries,PRT0087,G-4 Gooch Crucible vacuum valve,PB1305,,,,
Bharat Hardware And Electricals,PRT0112,"G.I. Socket 1""",PB1169,,,,
Bharat Hardware And Electricals,PRT0112,"G.I. Socket 2""",PB1170,,,,
Namdev & Sons,PRT0163,"G.O. Switch 800 Amp 11 KV . 45 KL, Polym",PB0593,,,,
Nitin Enterprises,PRT0151,Garari Penion 4.5 ID,PB0439,,,,
Nitin Enterprises,PRT0151,Garari Penion 6.5 ID,PB0438,,,,
S.V.Scientific Co.,PRT0293,Gas Bladder,PB0814,,,,
Ambica Scientific Industries,PRT0087,Gas Burner (Lab Use),PB0201,,,,
Bhagwati Hardware & Electricals,PRT0193,Gas Cutter,PB0836,,,,
Bhagwati Hardware & Electricals,PRT0193,Gas Cutter Lead (LPG+Oxygen),PB1085,,,,
DEEPAK GUPTA & CO.,PRT0190,Gear Oil Grade 320,PB0624,,,,
Ambica Scientific Industries,PRT0087,Germitol,PB1306,,,,
A. R. Enterprises,PRT0283,GI Cable Tray 100 Mm,PB0761,,,,
Nandan Steels,PRT0105,GI Colour Coated Sheet 0.5X1000x12 Feet,PB0603,,,,
Nandan Steels,PRT0105,GI Colour Coated Sheet 0.5X1000x20 Feet,PB0602,,,,
Nandan Steels,PRT0105,GI Colour Coated Sheet 16' X 1 Mtr Thick,PB0351,,,,
Nandan Steels,PRT0105,GI Colour Coated Sheet 20' X 1 Mtr Thick,PB0350,,,,
Bharat Hardware And Electricals,PRT0112,"GI Pipe - Class C, ERW 150mm",PB0824,,,,
Bhagwati Hardware & Electricals,PRT0193,"GI Pipe - Class C, ERW 40mm",PB0655,,,,
Bhagwati Hardware & Electricals,PRT0193,"GI Pipe - Class C, ERW 50mm",PB0654,,,,
Bhagwati Hardware & Electricals,PRT0193,"GI Pipe - Class C, ERW 80mm",PB0653,,,,
Bharat Hardware And Electricals,PRT0112,GI Saddle With Base 1:,PB0817,,,,
Nandan Steels,PRT0105,GI Self Drill Screw 12X25,PB0605,,,,
Nandan Steels,PRT0105,GI Self Drill Screw 12X55,PB0604,,,,
Dev Wires,PRT0166,GI Wiremesh 1250X15000mm Size 4X5,PB0509,,,,
Dev Wires,PRT0166,GI Wiremesh 1250X15000mm Size 6X7,PB0510,,,,
Dev Wires,PRT0166,GI Wiremesh 5X5 Size 4'X50',PB0965,,,,
Dev Wires,PRT0166,GI Wiremesh 6X6 Size 4'X50',PB0966,,,,
Dev Wires,PRT0166,GI Wiremesh 6X7 Size 4'X50',PB0967,,,,
Ambica Scientific Industries,PRT0087,Glacial Acetic Acid,PB0302,,,,
Bhagwati Hardware & Electricals,PRT0193,Gland Rope 10mm,PB1307,,,,
Bhagwati Hardware & Electricals,PRT0193,Gland Rope 8mm,PB1308,,,,
Ambica Scientific Industries,PRT0087,"Glass Petri Dish, 100 Mm",PB0320,,,,
Tulip International,PRT0196,Glove Latex Exramination,PB0684,,,,
Royal Trading Co.,PRT0250,Glove Latex Exramination,PB0684,,,,
OM STEEL INDIA,PRT0269,"Glove Valve Steam 1"" F/E CJ-3680",PB1114,,,,
Titan Biotech Limited,PRT0003,Glycerol,PB0129,,,,
Bharat Hardware And Electricals,PRT0112,Golden Yellow Enamel Paint Asian Apcolit,PB0431,,,,
Ambica Scientific Industries,PRT0087,"Gooch Crucible G 4, Capacity: 30 Ml",PB0318,,,,
Punjab Agricalture University,PRT0223,Gram Seed (PBG7)(CS/TL),PB0766,,,,
DEEPAK GUPTA & CO.,PRT0190,Grease MP3 Servo,PB0667,,,,
Bharat Hardware And Electricals,PRT0112,Green Paint,PB1042,,,,
Shiva Tools & Mill Store,PRT0238,"Grinding Machine 4""",PB0852,,,,
Shiva Tools & Mill Store,PRT0238,"Grinding Machine 7""",PB0851,,,,
Bhagwati Hardware & Electricals,PRT0193,"Grinding Wheel 4""",PB1079,,,,
Bhagwati Hardware & Electricals,PRT0193,"Grinding Wheel 7""",PB1080,,,,
DIVYA PHARMACY UNIT-2 (D-BLOCK),PRT0243,Gum Acacia Powder,PB0127,,,,
Bharat Hardware And Electricals,PRT0112,"Gum Matel Floot Valve 2""",PB1000,,,,
Royal Trading Co.,PRT0250,Gumboot,PB0921,,,,
Natraj Organics Limited,PRT0013,Gypsum Powder,PB0027,,,,
Khicha Phoschem Ltd.,PRT0025,Gypsum Powder,PB0027,,,,
Preksha Minerals & Fertilizers (Raj),PRT0033,Gypsum Powder,PB0027,,,,
Lakshmi Engineering Corporation,PRT0157,"Half Lock 1.5"" Duplex",PB0466,,,,
Lakshmi Engineering Corporation,PRT0157,"Half Lock 1.5"" Simplex",PB0464,,,,
Lakshmi Engineering Corporation,PRT0157,"Half Lock 1"" Simplex",PB0462,,,,
Bharat Hardware And Electricals,PRT0112,Hammer 710 gm with Handle,PB1200,,,,
Bharat Hardware And Electricals,PRT0112,Hammer 800Gm,PB0887,,,,
Bhagwati Hardware & Electricals,PRT0193,Hammer Bit 12x310mm,PB1071,,,,
Bharat Hardware And Electricals,PRT0112,Hammer Drill Machine,PB1005,,,,
Premium Pulman Pvt. Ltd.,PRT0235,Hammer Mill,PB0822,,,,
V. K. Engineering Works,PRT0114,HAMMER S.S. Size : 240X50X50 Mm (New Pur,PB0260,,,,
Shri Sai Ram Enterprises,PRT0214,Hand Bag,PB0706,,,,
Global Industries,PRT0215,Hand Bag,PB0706,,,,
Shiva Tools & Mill Store,PRT0238,Hand Blower,PB0853,,,,
NILKAMAL LIMITED,PRT0101,HAND PALLET TRUCK BF115055085YEL,PB0230,,,,
Satyam Stationery Mart,PRT0015,Hard Broom Long,PB0895,,,,
Royal Trading Co.,PRT0250,Hard Broom Long,PB0895,,,,
M H Enterprises,PRT0068,HCl Commercial,PB0215,,,,
Ambica Scientific Industries,PRT0087,HCl Commercial,PB0215,,,,
R.K. Dispo Packs,PRT0012,Hdpe Round Bottle 200ml,PB0681,,,,
Bharat Hardware And Electricals,PRT0112,Hemmring Bit 6mm,PB1066,,,,
H.V.Technologies,PRT0286,HiAssorted Biochemical Test Kit HI Media,PB0414,,,,
H.V.Technologies,PRT0286,HiBacillus Identification Kit - Hi Media,PB0415,,,,
Bharat Hardware And Electricals,PRT0112,Hole Punch 12mm,PB1203,,,,
Gainwell Commonsales Private Limited,PRT0194,Hose - 7L7160,PB1278,,,,
Gainwell Commonsales Private Limited,PRT0194,Hose - 8N8093,PB1277,,,,
A. R. Enterprises,PRT0283,HRC FUSE 16A,PB0993,,,,
Bharat Hardware And Electricals,PRT0112,HRC FUSE 16A,PB0993,,,,
Mittal Machinery Store,PRT0035,"HRC FUSE LINK 160A HN ,SZ00, L&T Make",PB0226,,,,
Bhagwati Hardware & Electricals,PRT0193,HSS Haxo Blase (Hexa Blade),PB1178,,,,
Bhagwati Hardware & Electricals,PRT0193,HT Bolt Nut With Washer 12X50mm,PB1227,,,,
Bhagwati Hardware & Electricals,PRT0193,HT Grease Black 1 Kg,PB1309,,,,
Bharat Hardware And Electricals,PRT0112,HT Hex Bolt 14X100mm With Nut Washer,PB0807,,,,
Bharat Hardware And Electricals,PRT0112,HT Hex Bolt 14X150mm,PB0808,,,,
Bharat Hardware And Electricals,PRT0112,HT Hex Bolt 16X125mm,PB0975,,,,
Bharat Hardware And Electricals,PRT0112,HT HexBolt 12X100mm With Nut Double Wash,PB0806,,,,
Bharat Hardware And Electricals,PRT0112,HT NUT 16mm,PB0976,,,,
Ambica Scientific Industries,PRT0087,Hydroxylamine Hydrochloride AR Solid Sal,PB0309,,,,
Vidya Ghaphic,PRT0149,I Cards Both Side Print Holder & Dori Pr,PB0435,,,,
Mittal Machinery Store,PRT0035,Impeller KDS SP4L,PB0799,,,,
Bhagwati Hardware & Electricals,PRT0193,Inch Tape 5 Mtr,PB1213,,,,
"Shri Bihari Ji Packagings,",PRT0098,"Index for 1.00,0.500,0.250 Liter",PB0061,,,,
Namaskar Electrical & Spares,PRT0228,Induction Chulha,PB0753,,,,
Mittal Machinery Store,PRT0035,Induction Motor 5HP 1440 Rpm Three Phase,PB0757,,,,
Global Engineering & Packaging Solutions,PRT0011,Ink Black (411-D),PB0885,,,,
Mittal Refrectories,PRT0236,Insulation Bricks,PB0902,,,,
New Kanha Medical Store,PRT0255,Intalon 100 Ml,PB1057,,,,
Ritik Communication,PRT0155,IP Camera 2 MP,PB0501,,,,
Mahashayji Traders,PRT0287,ISA 35X35X5mm,PB1310,,,,
Atul Steel Associates,PRT0121,ISA 40X40X5mm,PB0339,,,,
Mahashayji Traders,PRT0287,ISA 50X50X5mm,PB0424,,,,
Nandan Steels,PRT0105,ISA 50X50X5mm,PB0424,,,,
PATRAM ISPAT BHANDAR,PRT0104,ISA 50X50X6mm,PB0245,,,,
Nandan Steels,PRT0105,ISA 50X50X6mm,PB0245,,,,
Nandan Steels,PRT0105,ISA 65X65X6mm,PB0290,,,,
Nandan Steels,PRT0105,ISA 75X75X8mm,PB0289,,,,
Nandan Steels,PRT0105,ISMB 125X70 mm,PB0420,,,,
Nandan Steels,PRT0105,ISMB 150X75 mm,PB0288,,,,
Nandan Steels,PRT0105,ISMB 200X100 Mm,PB0287,,,,
Nandan Steels,PRT0105,ISMB 300X140 mm,PB0419,,,,
Atul Steel Associates,PRT0121,ISMB 450X150 mm,PB0338,,,,
Atul Steel Associates,PRT0121,ISMB 500X180 Mm,PB0337,,,,
Nandan Steels,PRT0105,ISMC 100x50mm,PB0286,,,,
Bala Ji Iron Store,PRT0267,ISMC 100x50mm,PB0286,,,,
Nandan Steels,PRT0105,ISMC 120x65mm,PB0422,,,,
Atul Steel Associates,PRT0121,ISMC 150X75X5mm,PB0354,,,,
Nandan Steels,PRT0105,ISMC 200X75mm,PB0285,,,,
Atul Steel Associates,PRT0121,ISMC 200X75X8mm,PB0355,,,,
Nandan Steels,PRT0105,ISMC 300x900mm,PB0421,,,,
Atul Steel Associates,PRT0121,ISMC 400X10mm,PB0336,,,,
Nandan Steels,PRT0105,ISMC 75x40mm,PB0626,,,,
Ambica Scientific Industries,PRT0087,Iso-Propyle Alcohal,PB0301,,,,
MODI INFOTECH SERVICES,PRT0020,IT Services (Web Hosting & Domain) 3yr,PB0548,,,,
Bharat Hardware And Electricals,PRT0112,Jack Hydrolic,PB0841,,,,
Continental Earthmovers,PRT0227,JCB Engine Oil (4001/3200-15),PB0982,,,,
Continental Earthmovers,PRT0227,JCB Gear Oil (4000/2500-20),PB0985,,,,
Continental Earthmovers,PRT0227,JCB Rear Axle OIL ( 4000/4600-20),PB0983,,,,
Continental Earthmovers,PRT0227,JCB Transmission Oil Plus (4000/2500-20),PB0984,,,,
Bhagwati Hardware & Electricals,PRT0193,Joint Clamp for Gas Cutter,PB1082,,,,
Bhagwati Hardware & Electricals,PRT0193,Joint Nipple for Gas Cutter,PB1081,,,,
S. KUMAR & COMPANY,PRT0292,Karela 6214,PB1106,,,,
S. KUMAR & COMPANY,PRT0292,Karela F1 Pali,PB1107,,,,
S. KUMAR & COMPANY,PRT0292,Kharbooja Madhurama,PB1113,,,,
S. KUMAR & COMPANY,PRT0292,Khira Najiya,PB1102,,,,
S. KUMAR & COMPANY,PRT0292,Khira Sapra,PB1103,,,,
Ambika Scientific Industries,PRT0109,Kjeldahl Distil. Flask 500ml (Borosil),PB0204,,,,
Ambica Scientific Industries,PRT0087,Kjeldahl Trap Adapter Joint,PB0323,,,,
DIVYA PHARMACY A-1,PRT0244,Kwath Machine,PB1311,,,,
Ambica Scientific Industries,PRT0087,Lab Washing Brush ( All Size),PB1312,,,,
Rishi Offset Printers,PRT0099,Label for Patanjali Aceto Plus  1 Ltr,PB0980,,,,
Rishi Offset Printers,PRT0099,Label for Patanjali Azopsi Plus  1 Ltr,PB0979,,,,
Rishi Offset Printers,PRT0099,Label for Patanjali Azoto 1 Ltr,PB0073,,,,
Rishi Offset Printers,PRT0099,Label for Patanjali Bio NPK 1 Ltr,PB0108,,,,
Rishi Offset Printers,PRT0099,Label for Patanjali Bio Potash  1 Ltr,PB0067,,,,
Rishi Offset Printers,PRT0099,Label for Patanjali Bio Zink Plus  1 Ltr,PB0978,,,,
Rishi Offset Printers,PRT0099,Label for Patanjali Neem Gold 01 Ltr,PB0064,,,,
Rishi Offset Printers,PRT0099,Label for Patanjali PSB 1 Ltr,PB0070,,,,
Rishi Offset Printers,PRT0099,Label for Patanjali Rhizobium 1  Ltr,PB0076,,,,
New Kanha Medical Store,PRT0255,Lable,PB1056,,,,
M H Enterprises,PRT0068,Labolin Neutral PH Detergent,PB1313,,,,
Nankani Jute House,PRT0237,Labor Charges (for PVC Flooring),PB0831,,,,
Dell International Services India Pvt Lt,PRT0173,Laptop Bag,PB0530,,,,
Dell International Services India Pvt Lt,PRT0173,Laptop I3,PB0529,,,,
DEV IT Serv Private Limited,PRT0216,Laptop I3 - 7020U,PB0707,,,,
Kanhaiya Enterprises,PRT0010,"LDPE Black Poly Bag 5.5""x6""",PB1146,,,,
A. R. Enterprises,PRT0283,LED Full Glow 2X2 Panel Light,PB0718,,,,
Keymech Technologies,PRT0246,LED HIGHBAY LIGHTS,PB0913,,,,
Mittal Machinery Store,PRT0035,LED Tube Light Fitting 20 Watt 4FT,PB0441,,,,
Bharat Hardware And Electricals,PRT0112,LED Tube Light Fitting 20 Watt 4FT,PB0441,,,,
Divine Lights Trading Co.,PRT0254,LED Tube Light Fitting 20 Watt 4FT,PB0441,,,,
Ritik Communication,PRT0155,License IP Activation Key,PB0454,,,,
Ritik Communication,PRT0155,License trunk Activation,PB0455,,,,
Khicha Phoschem Ltd.,PRT0025,Lignite Powder,PB0028,,,,
Siddharth Minerals,PRT0082,Lignite Powder,PB0028,,,,
Atlas Copco (India) Limited,PRT0134,Line Filters for purification upto 0.01,PB0363,,,,
Royal Trading Co.,PRT0250,Liquid Soap Dispenser SS Zupdi 500ml,PB1068,,,,
Continental Earthmovers,PRT0227,Loadall 7 MTR (A530BAABADABBAAA),PB0783,,,,
Royal Trading Co.,PRT0250,Lock 40 Mm,PB1003,,,,
Bharat Hardware And Electricals,PRT0112,Lock 50 Mm,PB0538,,,,
Royal Trading Co.,PRT0250,Lock 50 Mm,PB0538,,,,
Bharat Hardware And Electricals,PRT0112,Lock 65 Mm,PB0818,,,,
Royal Trading Co.,PRT0250,Lock 65 Mm,PB0818,,,,
S. KUMAR & COMPANY,PRT0292,Loki Anokhi,PB1116,,,,
S. KUMAR & COMPANY,PRT0292,Loki Sumya,PB1115,,,,
Bharat Hardware And Electricals,PRT0112,"Long Body Cock Heavy 1/2""",PB0810,,,,
Gen.Tech Engineers,PRT0285,Lube Oil Filter 06.436.010,PB1046,,,,
OM Production & Advertising,PRT0273,Luxury Roll-up Standee,PB1171,,,,
Bhargava Brothers,PRT0009,LXR Notebook,PB1147,,,,
Bharat Hardware And Electricals,PRT0112,M Seal,PB0544,,,,
Bharat Hardware And Electricals,PRT0112,M-Seal,PB0912,,,,
Bharat Hardware And Electricals,PRT0112,M/Tape Freemens 3 Mtr,PB0890,,,,
Universal Industries,PRT0005,Maganisium Sulphate 9.60%,PB0035,,,,
Titan Biotech Limited,PRT0003,Maganisium Sulphate LR,PB0176,,,,
A. R. Enterprises,PRT0283,Main LT Panel With APFC Panel,PB0610,,,,
Global Engineering & Packaging Solutions,PRT0011,Make Up (706-D),PB0884,,,,
Universal Industries,PRT0005,Manganese Sulphate 30.50%,PB0034,,,,
Ceasefire Industries Pvt. Ltd.,PRT0145,Map 90 Fire Extinguisher 06 Kg Cap Trole,PB0411,,,,
Ceasefire Industries Pvt. Ltd.,PRT0145,Map 90 Fire Extingusher 25 Kg Cap Troley,PB0413,,,,
Shree Ramdev Trading Co.,PRT0257,Marking Tags,PB0999,,,,
Bhagwati Hardware & Electricals,PRT0193,Matelic Gasket Sheet,PB1314,,,,
Rishi Offset Printers,PRT0099,Material Purchase Indent,PB1125,,,,
Rishi Offset Printers,PRT0099,Material Receipt Note Book,PB1126,,,,
Ritik Communication,PRT0155,Matrix Simado GFX11,PB1252,,,,
Mittal Machinery Store,PRT0035,MCB 16A X 1 Pole,PB0560,,,,
Mittal Machinery Store,PRT0035,MCB 32A 1POLE,PB0795,,,,
A. R. Enterprises,PRT0283,MCB 32A 3POLE,PB0445,,,,
Bharat Hardware And Electricals,PRT0112,MCB 6 AMP Single Pole,PB0909,,,,
Mittal Machinery Store,PRT0035,MCB 63A 3POLE,PB0565,,,,
A. R. Enterprises,PRT0283,MCCB 4 Pole 250 Amp,PB0995,,,,
Bharat Hardware And Electricals,PRT0112,MCCB 4 Pole 250 Amp,PB0995,,,,
Mittal Machinery Store,PRT0035,MCCB DN1-250C 125A 3POLE 25KA CAT NO-CM9,PB0443,,,,
Sri Sai Plastics Enterprises,PRT0199,Measuring Cylinder 10 Ml,PB1266,,,,
Sri Sai Plastics Enterprises,PRT0199,Measuring Cylinder 25 Ml,PB0687,,,,
Bharat Hardware And Electricals,PRT0112,"Measuring Scale 24""",PB1204,,,,
Sri Sai Plastics Enterprises,PRT0199,Measuring Spatula 2 Gm,PB0701,,,,
S. KUMAR & COMPANY,PRT0292,Methi Seeds,PB0741,,,,
M H Enterprises,PRT0068,Methyl Red,PB0646,,,,
Ambica Scientific Industries,PRT0087,Methyl Red,PB0646,,,,
Pushpak Traders,PRT0288,"MI A2 6GB RAM, 128GB ROM",PB1315,,,,
Chandwani Furnitures,PRT0284,Mica 8X4,PB1316,,,,
Systonic,PRT0183,Microprocessor Flame Photometer - S-935,PB0580,,,,
Ambica Scientific Industries,PRT0087,Microscope Slide Box,PB1317,,,,
Trishul Agencies,PRT0260,Microwave Oven 20 Ltr ONIDA,PB1048,,,,
Bharat Hardware And Electricals,PRT0112,Mineral Oil / Tarpin Oil,PB0432,,,,
Bharat Hardware And Electricals,PRT0112,Modular AC Box 25A,PB0908,,,,
Bharat Hardware And Electricals,PRT0112,Modular Box,PB0910,,,,
Bharat Hardware And Electricals,PRT0112,Modular Box  12 X 6,PB0911,,,,
Rishi Enterprises,PRT0230,Mono Carton for Patanjali Fluoresce 1 kg,PB0081,,,,
Rishi Enterprises,PRT0230,Mono Carton for Patanjali Nemakil 1 kg,PB0082,,,,
Rishi Enterprises,PRT0230,Mono Carton for Patanjali Suraksha  1 kg,PB0080,,,,
Rishi Enterprises,PRT0230,Mono Carton for Patanjali Trico 1 kg,PB0079,,,,
Mittal Machinery Store,PRT0035,MONOBLOCK PUMP 1HP 3PHASE MOD:KSMB116,PB0678,,,,
Mittal Machinery Store,PRT0035,MONOBLOCK PUMP 2HP 3PHASE MOD:KSMB220,PB1318,,,,
Rahul Beej Bhandar,PRT0290,Moong Seeds,PB1219,,,,
Nandan Silai Machine Works,PRT0277,Motot of Bag Closer Machine,PB1286,,,,
Rishi Offset Printers,PRT0099,Mrida Pareekshan Report Book (PBRI),PB1122,,,,
Nandan Steels,PRT0105,MS Anchor Fastner 100X12mm,PB0628,,,,
Nandan Steels,PRT0105,MS Anchor Fastner 100X16mm,PB0629,,,,
Nandan Steels,PRT0105,MS Angle (50x5mm),PB0333,,,,
Nandan Steels,PRT0105,MS Angle (75X75X6mm),PB0668,,,,
Nandan Steels,PRT0105,MS Angle (75X75X8mm),PB0483,,,,
Mittal Machinery Store,PRT0035,MS Base Frame,PB0755,,,,
Bhagwati Hardware & Electricals,PRT0193,MS Boiler Brush 35mm,PB1319,,,,
Atul Steel Associates,PRT0121,MS Box 200X100X6mm Thick,PB0343,,,,
Nandan Steels,PRT0105,MS Channel (100X50X5mm),PB0334,,,,
Nandan Steels,PRT0105,MS Chequred Plate 5 mm,PB0716,,,,
Bharat Hardware And Electricals,PRT0112,"MS Flange 10""",PB1025,,,,
Nandan Steels,PRT0105,MS Flat (70X10mm),PB0331,,,,
Nandan Steels,PRT0105,MS Flat 125X20mm,PB0293,,,,
Nandan Steels,PRT0105,MS Flat 150X12mm,PB0294,,,,
Nandan Steels,PRT0105,MS Flat 50X16mm,PB0536,,,,
Bala Ji Iron Store,PRT0267,MS Flat 50X16mm,PB0536,,,,
Nandan Steels,PRT0105,MS Flat 50X5mm,PB0715,,,,
PATRAM ISPAT BHANDAR,PRT0104,MS Flat 50X6mm,PB0246,,,,
Nandan Steels,PRT0105,MS Flat 50X6mm,PB0246,,,,
Nandan Steels,PRT0105,MS Flat 65X12mm,PB0292,,,,
Nandan Steels,PRT0105,MS Flat 65X35mm,PB0295,,,,
Namdev & Sons,PRT0163,MS Nut Bolt,PB0596,,,,
Bharat Hardware And Electricals,PRT0112,MS Nut Bolt With Double Washers - Half T,PB0829,,,,
Bharat Hardware And Electricals,PRT0112,MS Nut Bolt With Washer,PB0457,,,,
Bhagwati Hardware & Electricals,PRT0193,MS Nut Bolt With Washer,PB0457,,,,
Bhagwati Hardware & Electricals,PRT0193,MS Nut Bolts With Double Washers 1/2x80m,PB0666,,,,
Bhagwati Hardware & Electricals,PRT0193,MS Nut Bolts With Double Washers 5/8x80m,PB0665,,,,
Nandan Steels,PRT0105,MS Pipe 40mm A Class for Railling,PB0669,,,,
Nandan Steels,PRT0105,"MS Pipe Dia 200mm, 8 Mm Thick",PB0297,,,,
Nandan Steels,PRT0105,"MS Pipe Dia 300mm, 8 Mm Thick",PB0296,,,,
Namdev & Sons,PRT0163,MS Pole SP 72,PB0591,,,,
Mohan Fabtech Pvt. Ltd.,PRT0089,MS Rolling Mill,PB0630,,,,
Nandan Steels,PRT0105,MS Round Bar 40mm Dia,PB0719,,,,
Nandan Steels,PRT0105,"MS Round Pipe (1.5)"" (Thk-2mm)",PB0425,,,,
Nandan Steels,PRT0105,MS Round Pipe (150X5mm),PB0599,,,,
Nandan Steels,PRT0105,MS Round Pipe (50x50x5)mm,PB1155,,,,
Nandan Steels,PRT0105,MS Round Pipe (B-class) 25mm Dia,PB0717,,,,
Nandan Steels,PRT0105,MS Sheet (1250X2500X18mm),PB0720,,,,
Nandan Steels,PRT0105,MS Sheet (1250X2500X20mm),PB0713,,,,
Nandan Steels,PRT0105,MS Sheet (1250X2500X2mm),PB1150,,,,
Nandan Steels,PRT0105,MS Sheet (1250X2500X30mm),PB0714,,,,
Nandan Steels,PRT0105,MS Sheet (1250X2500X3mm),PB0335,,,,
Nandan Steels,PRT0105,MS Sheet (1250X6000X10mm),PB0329,,,,
Nandan Steels,PRT0105,MS Sheet (1250X6000X5mm),PB0330,,,,
Nandan Steels,PRT0105,MS Sheet (1500X6300X10mm),PB0712,,,,
Nandan Steels,PRT0105,MS Sheet (1500X6300X6mm),PB0710,,,,
Nandan Steels,PRT0105,MS Sheet (1500X6300X8mm),PB0711,,,,
Nandan Steels,PRT0105,MS Sheet (3X1250X2500mm),PB1151,,,,
Nandan Steels,PRT0105,MS Sheet (4X1250X2500mm),PB1152,,,,
Nandan Steels,PRT0105,MS Sheet (5X1250X6300mm),PB1153,,,,
Nandan Steels,PRT0105,MS Sheet (6X1250X2500mm),PB1154,,,,
Bharat Hardware And Electricals,PRT0112,"MS Short Bend 10""",PB1024,,,,
Garud Overseas Distribution,PRT0142,MS Sleev H313,PB1095,,,,
Garud Overseas Distribution,PRT0142,MS Sleev H315,PB0377,,,,
Garud Overseas Distribution,PRT0142,MS Sleev H317,PB0376,,,,
Garud Overseas Distribution,PRT0142,MS Sleev H318,PB0375,,,,
Nandan Steels,PRT0105,MS Square Pipe 60X60X2 Mm,PB0484,,,,
Nandan Steels,PRT0105,MS Square Pipe 65X65X3 Mm,PB0600,,,,
Nandan Steels,PRT0105,MS Square Pipe 75X75X3 Mm,PB0348,,,,
Nandan Steels,PRT0105,MS T (75X5mm),PB0332,,,,
Bharat Hardware And Electricals,PRT0112,MS Washer 14mm,PB1135,,,,
Dev Wires,PRT0166,MS Wiremesh 1250X15000mm Size 1X1,PB0511,,,,
Nandan Steels,PRT0105,MS Wiremesh 25X25X3 Mm,PB0485,,,,
JOSHI WELDING COMPONENTS & HARDWARE,PRT0102,"MTA 1"" SCH-40 THREADED",PB0236,,,,
M.G Marketing Services (U.K 2018-2019),PRT0103,"MTA 1"" SCH-40 THREADED",PB0236,,,,
Bharat Hardware And Electricals,PRT0112,"MTA 1"" SCH-40 THREADED",PB0236,,,,
Bharat Hardware And Electricals,PRT0112,MTA 50mm SCH-40 THREADED,PB0619,,,,
Liberty Agencies,PRT0188,MTA 50mm SCH-40 THREADED,PB0619,,,,
Chandwani Furnitures,PRT0284,Multipurpose Rack,PB1320,,,,
S. KUMAR & COMPANY,PRT0292,Mustard Seeds,PB0747,,,,
Bharat Hardware And Electricals,PRT0112,NC Thinner,PB0254,,,,
SJS BIOTECH INTERNATIONAL,PRT0113,Neem Oil,PB0167,,,,
SJS BIOTECH INTERNATIONAL,PRT0113,Neem Technical Liquid 1500 PPM,PB0099,,,,
Titan Biotech Limited,PRT0003,Nessler Reagant,PB0651,,,,
M H Enterprises,PRT0068,Nessler Reagant,PB0651,,,,
Wadhwa Hardware,PRT0258,Niagra Urinal Ultra White,PB1007,,,,
Ambica Scientific Industries,PRT0087,NIST Standerd PH Buffer Capsule (4.01),PB1321,,,,
Ambica Scientific Industries,PRT0087,NIST Standerd PH Buffer Capsule (9.18),PB1322,,,,
Ambica Scientific Industries,PRT0087,Nitric Acid (69-72%) LR,PB0159,,,,
Rishi Offset Printers,PRT0099,Non Returnable / Returnable Gate Pass Bo,PB1127,,,,
Bharat Hardware And Electricals,PRT0112,Nozzle L 1/16,PB0974,,,,
Royal Trading Co.,PRT0250,Numex Fast Drying Ink 100ml Black,PB1323,,,,
Ambica Scientific Industries,PRT0087,"Nutrient Agar Media, M001",PB0311,,,,
Ritik Communication,PRT0155,NVR 32 Channel,PB0502,,,,
M H Enterprises,PRT0068,Nycrome Inoculation Loop,PB1324,,,,
Bharat Hardware And Electricals,PRT0112,"Nylon Breeded Hose Pipe 1""",PB1325,,,,
Bhargava Brothers,PRT0009,Oddy RS 2X3 Selfstick Removeable Lable,PB1190,,,,
Royal Trading Co.,PRT0250,Odonil Dabur,PB1326,,,,
Padmaja Enterprises,PRT0225,Office Chair,PB0780,,,,
R. S. Steel Furniture,PRT0264,Office Chair,PB0780,,,,
H. B. Khanduja,PRT0150,Office Table,PB1069,,,,
R. S. Steel Furniture,PRT0264,Office Table,PB1069,,,,
Khanduja Furniture,PRT0150,Office Table ( 4' X 2.5'),PB0436,,,,
Bharat Hardware And Electricals,PRT0112,One Way Lab Water Tap,PB1247,,,,
Bhagwati Hardware & Electricals,PRT0193,"Open  EndedSpanner 14""(From 6-7 to 36-41",PB1206,,,,
Bhagwati Hardware & Electricals,PRT0193,Oxigen Regulator,PB1086,,,,
LAXMI GASES,PRT0108,OXYGEN Cylinder,PB0248,,,,
Royal Trading Co.,PRT0250,Packing Niddle (Sua),PB1165,,,,
Garud Overseas Distribution,PRT0142,Padestel Bracket SN 513,PB1096,,,,
Garud Overseas Distribution,PRT0142,Padestel Bracket SN 515,PB0374,,,,
Garud Overseas Distribution,PRT0142,Padestel Bracket SN 517,PB0373,,,,
Shiva Tools & Mill Store,PRT0238,Padestel Bracket SN 517,PB0373,,,,
Garud Overseas Distribution,PRT0142,Padestel Bracket SN 518,PB0372,,,,
Bharat Hardware And Electricals,PRT0112,"Paint Brush 3""",PB1041,,,,
Bharat Hardware And Electricals,PRT0112,"Paint Brush 4""",PB0433,,,,
Bharat Hardware And Electricals,PRT0112,"Paint Brush 5""",PB0434,,,,
Rishi Offset Printers,PRT0099,Pamphlate Printing,PB1123,,,,
Ritik Communication,PRT0155,Panasonic Telephone Model : KX60,PB0506,,,,
Shilpam Power Controls,PRT0147,Panel Board Electrical (MCCB Panel),PB0418,,,,
Bhargava Brothers,PRT0009,Paper A4 Size 75 GSM,PB1238,,,,
Royal Trading Co.,PRT0250,Paper Cutter Premier,PB1004,,,,
Bhargava Brothers,PRT0009,Paper Envelops 9x4 TAJ OFF,PB1183,,,,
Bhargava Brothers,PRT0009,Paper Envelops A4 Size,PB1184,,,,
Sharma Brothers,PRT0022,Partition for Magnum Urinal Parryware Wh,PB1020,,,,
M P Printers ( D B Corp Ltd. ),PRT0240,Patanjali Bio Brochure,PB0862,,,,
M P Printers ( D B Corp Ltd. ),PRT0240,Patanjali Folder English 4P,PB0861,,,,
M P Printers ( D B Corp Ltd. ),PRT0240,Patanjali Folder Hindi 4P,PB0864,,,,
M P Printers ( D B Corp Ltd. ),PRT0240,Patanjali Folder Hindi 8P,PB0863,,,,
Organic Crop Care,PRT0247,Patanjali Jaivik PROM 40 Kg,PB0914,,,,
UFLEX LIMITED,PRT0224,PATANJALI JAVIK KHAD 10KG (67X95),PB0869,,,,
UFLEX LIMITED,PRT0224,PATANJALI JAVIK KHAD 40KG (BACK) (89X73),PB0866,,,,
UFLEX LIMITED,PRT0224,PATANJALI JAVIK KHAD 40KG (BACK) (90X69),PB0876,,,,
UFLEX LIMITED,PRT0224,PATANJALI JAVIK KHAD 40KG (FRONT) (89X73,PB0865,,,,
UFLEX LIMITED,PRT0224,PATANJALI JAVIK KHAD 40KG (FRONT) (90X69,PB0874,,,,
UFLEX LIMITED,PRT0224,PATANJALI JAVIK POSHAK 1KG (56X93),PB0873,,,,
UFLEX LIMITED,PRT0224,PATANJALI JAVIK POSHAK 5KG (46X79),PB0872,,,,
UFLEX LIMITED,PRT0224,PATANJALI JAVIK PROM 10KG (56X95),PB0868,,,,
UFLEX LIMITED,PRT0224,PATANJALI JAVIK PROM 40KG (84X128.5),PB0867,,,,
UFLEX LIMITED,PRT0224,PATANJALI JAVIK PROM 40KG (Back) (85X69),PB0878,,,,
UFLEX LIMITED,PRT0224,PATANJALI JAVIK PROM 40KG (FRONT)(85X69),PB0877,,,,
Shree Vinayak Fertilizers Pvt. Ltd.,PRT0001,Patanjali PROM 50 Kg,PB0003,,,,
Natraj Organics Limited,PRT0013,Patanjali PROM 50 Kg,PB0003,,,,
Organic Crop Care,PRT0247,Patanjali PROM 50 Kg,PB0003,,,,
UFLEX LIMITED,PRT0224,PATANJALI SHUBHOOMI 1KG (56X93),PB0871,,,,
UFLEX LIMITED,PRT0224,PATANJALI SHUBHOOMI 5KG (46X79),PB0870,,,,
S. KUMAR & COMPANY,PRT0292,Peas Seeds,PB0750,,,,
Bhargava Brothers,PRT0009,Pen Blue Use & Throw,PB0997,,,,
Infotrend Technologies,PRT0158,Pen Drive 32 GB,PB0475,,,,
Avahi Technologies,PRT0251,Pen Drive 32 GB,PB0475,,,,
Bhargava Brothers,PRT0009,Pencil,PB1185,,,,
Bharat Hardware And Electricals,PRT0112,Penta Modular Board ( 12 Module),PB1250,,,,
Bharat Hardware And Electricals,PRT0112,Penta Modular Board 4X6,PB1249,,,,
Central Drug House (P) Ltd,PRT0276,Pepton R,PB0139,,,,
Titan Biotech Limited,PRT0003,Pepton R,PB0139,,,,
Ambica Scientific Industries,PRT0087,Peptone Water (m028),PB0316,,,,
R.K. Dispo Packs,PRT0012,Pet Balm Jar 10gm With Cap,PB0683,,,,
Durga Polyplast Pvt. Ltd.,PRT0203,Pet Bottle 10 gm,PB1270,,,,
R.K. Dispo Packs,PRT0012,Pet Bottle 25ml With Cap,PB0682,,,,
A. R. Enterprises,PRT0283,PG-19mm PVC Gland,PB0953,,,,
Durga Polyplast Pvt. Ltd.,PRT0203,pH Bottle 30ml,PB1269,,,,
Ambica Scientific Industries,PRT0087,PH Probe for General Purpose,PB1327,,,,
M H Enterprises,PRT0068,Phenolpthalin Ind.,PB0647,,,,
M H Enterprises,PRT0068,Phenolpthalin Ind. (Powder),PB1141,,,,
Ambica Scientific Industries,PRT0087,Phenolpthalin Ind. (Powder),PB1141,,,,
Ambica Scientific Industries,PRT0087,Pikovaskya's Agar MediaM520,PB0314,,,,
Bharat Hardware And Electricals,PRT0112,"Pipe Wrench 14""",PB0892,,,,
Bhagwati Hardware & Electricals,PRT0193,Pipe Wrench 300 Mm,PB1211,,,,
Bhagwati Hardware & Electricals,PRT0193,Pipe Wrench 450 Mm,PB1210,,,,
KMC PROJECT,PRT0226,"Piping of Water Treat, Chilled & Cooling",PB0782,,,,
Phox India Industrial Services,PRT0185,Piston Ring Set,PB0587,,,,
New Kanha Medical Store,PRT0255,Plastic Box,PB1063,,,,
R.K. Dispo Packs,PRT0012,Plastic Cap for Hdpe Bottle 1 Ltr.,PB0344,,,,
K. B. Sales & Packaging Solutions,PRT0229,Plastic Chair,PB0803,,,,
Royal Trading Co.,PRT0250,Plastic Drum 100 Ltr (BIG Dustbin),PB1179,,,,
Royal Trading Co.,PRT0250,Plastic L Folder,PB1180,,,,
Royal Trading Co.,PRT0250,Plastic Oil Can 500ml,PB1067,,,,
Satyam Stationery Mart,PRT0015,Plastic Shoe Cover Blue,PB0257,,,,
Garud Overseas Distribution,PRT0142,Plumber Block UCP 208,PB0383,,,,
Garud Overseas Distribution,PRT0142,Plumber Block UCP 210,PB0382,,,,
Garud Overseas Distribution,PRT0142,Plumber Block UCP 212,PB0381,,,,
Garud Overseas Distribution,PRT0142,Plumber Block UCP 216,PB0451,,,,
Sharda Packaging,PRT0119,Poly bag for bio Pesticide 1 kg,PB0083,,,,
UTTARAKHAND PACKAGING,PRT0249,Poly bag for bio Pesticide 1 kg,PB0083,,,,
Titan Biotech Limited,PRT0003,Poly Vinyl Pyrrolidone (PVP),PB0126,,,,
Sharda Packaging,PRT0119,"Polybag Size 12X12"" HM Plain",PB0801,,,,
M H Enterprises,PRT0068,Potassium An Mony Tartarate,PB0641,,,,
Ambica Scientific Industries,PRT0087,Potassium An Mony Tartarate,PB0641,,,,
Titan Biotech Limited,PRT0003,Potassium Chloride (KCL),PB0525,,,,
M H Enterprises,PRT0068,Potassium Chloride (KCL),PB0525,,,,
Ambica Scientific Industries,PRT0087,Potassium Permanganate,PB0304,,,,
Ambica Scientific Industries,PRT0087,Potassium Sulphate LR,PB0162,,,,
Central Drug House (P) Ltd,PRT0276,"Potato Dextrose Agar Media, MH096",PB0305,,,,
Ambica Scientific Industries,PRT0087,"Potato Dextrose Agar Media, MH096",PB0305,,,,
Natraj Organics Limited,PRT0013,Poultry Manure,PB0023,,,,
Agarwal Digital Printers,PRT0274,Premium Quality Flex 20X20 Feet,PB1173,,,,
Natraj Organics Limited,PRT0013,Press Mud,PB0024,,,,
Rai Bahadur Narain Singh Sugar Mills Ltd,PRT0083,Press Mud,PB0024,,,,
Imran,PRT0176,Press Mud,PB0024,,,,
Rohit Kumar,PRT0177,Press Mud,PB0024,,,,
Bharat Hardware And Electricals,PRT0112,"Pressure Gauge 4"" Socket (0-7Barg) 15 NB",PB0828,,,,
Gainwell Commonsales Private Limited,PRT0194,PRI FUEL FILTER 81551064,PB0674,,,,
Rishi Offset Printers,PRT0099,Principal Certificate Book,PB1128,,,,
Raj Advertising & Co.,PRT0093,Printed Keyring,PB1234,,,,
Raj Advertising & Co.,PRT0093,Printed Pen,PB1233,,,,
Rashi Images & Technology Zone,PRT0291,Printer Cartridge 12A Leser Printer,PB1328,,,,
Excel Computer Graphics,PRT0208,Printer Cartridge Canon 232 Printer,PB0941,,,,
Rashi Images & Technology Zone,PRT0291,Printer Cartridge Canon 925 Printer,PB1329,,,,
Ambica Scientific Industries,PRT0087,"Pseudomonas Agar Media, M120",PB0312,,,,
Bharat Hardware And Electricals,PRT0112,Pully 10.2 B GP,PB0842,,,,
Shiva Tools & Mill Store,PRT0238,"Pully 9""-C4",PB1218,,,,
Bharat Hardware And Electricals,PRT0112,"PVC Bend 1""",PB0816,,,,
Sharma Brothers,PRT0022,Pvc Cisten Slimline Std. White; Parrywar,PB1016,,,,
Bharat Hardware And Electricals,PRT0112,"PVC Condute Pipe 1"" Heavy",PB0918,,,,
Sharma Brothers,PRT0022,"PVC Connection 24"";Heavy ; Lion",PB1019,,,,
Nankani Jute House,PRT0237,PVC Floor Mat (0.65mm thickness),PB0832,,,,
Bharat Hardware And Electricals,PRT0112,"PVC Garden Hose Pipe 1"" Heavy",PB1330,,,,
Bharat Hardware And Electricals,PRT0112,PVC Gitti 35mm,PB0815,,,,
A. R. Enterprises,PRT0283,PVC Gland PG - 21,PB0950,,,,
A. R. Enterprises,PRT0283,PVC Gland PG - 25mm,PB0951,,,,
Wadhwa Hardware,PRT0258,PVC Long Bend,PB1009,,,,
Royal Trading Co.,PRT0250,PVC Sutli Roll,PB1331,,,,
A. R. Enterprises,PRT0283,PVC Tape,PB0539,,,,
Bharat Hardware And Electricals,PRT0112,PVC Tape,PB0539,,,,
Bhagwati Hardware & Electricals,PRT0193,PVC Tape,PB0539,,,,
S. KUMAR & COMPANY,PRT0292,Raddish Seeds,PB0744,,,,
R.K. Dispo Packs,PRT0012,Reagant Bottle (Pet 10 gm),PB1274,,,,
R.K. Dispo Packs,PRT0012,Reagant Bottle 200ml (T.G) With Cap,PB1271,,,,
R.K. Dispo Packs,PRT0012,Reagant Bottle 250ml (T.G) With Cap,PB0680,,,,
R.K. Dispo Packs,PRT0012,Reagant Bottle 500ml (T.G) With Cap,PB1272,,,,
R.K. Dispo Packs,PRT0012,Reagant Tube (Pet 30 Ml),PB1268,,,,
Bharat Hardware And Electricals,PRT0112,Rechargable Torch Big,PB1251,,,,
Bharat Hardware And Electricals,PRT0112,"Rectangle 12""",PB0844,,,,
Bharat Hardware And Electricals,PRT0112,"Rectangle 6""",PB0843,,,,
Bharat Hardware And Electricals,PRT0112,Red Oil Can,PB1332,,,,
Bharat Hardware And Electricals,PRT0112,Redoxide Primer,PB0497,,,,
Atlas Copco (India) Limited,PRT0134,"Refrigerant Type Air Dryer, Model: Fx 17",PB0362,,,,
Bhargava Brothers,PRT0009,Registration Form,PB1043,,,,
Phox India Industrial Services,PRT0185,Repair & Maintinance,PB0590,,,,
Bhargava Brothers,PRT0009,"Restick Notes Size 2""x3""",PB1163,,,,
CHAWLA FURNITURE,PRT0107,REVOLVING CHAIR WITH HIGH BACK,PB0247,,,,
R. S. Steel Furniture,PRT0264,REVOLVING CHAIR WITH HIGH BACK,PB0247,,,,
Global Engineering & Packaging Solutions,PRT0011,Ribbion for TSC Printer,PB0103,,,,
Nandan Steels,PRT0105,Ridge GI 1M X 1M,PB0349,,,,
Bharat Hardware And Electricals,PRT0112,"Right Abgle 12""",PB0894,,,,
Bharat Hardware And Electricals,PRT0112,"Right Abgle 6""",PB0893,,,,
Bhagwati Hardware & Electricals,PRT0193,"Ring Spanner Size 14"" (From 6-7 to 36-41",PB1205,,,,
Natraj Organics Limited,PRT0013,Rock Phosphate 30%,PB0025,,,,
Khicha Phoschem Ltd.,PRT0025,Rock Phosphate 30%,PB0025,,,,
Preksha Minerals & Fertilizers (Raj),PRT0033,Rock Phosphate 30%,PB0025,,,,
MCA Industries,PRT0205,Rock Phosphate 30%,PB0025,,,,
Lakshmi Engineering Corporation,PRT0157,"Roller Chain 1.5"" Duplex each 3 Mtr",PB0461,,,,
Lakshmi Engineering Corporation,PRT0157,"Roller Chain 1.5"" Simplex each 3 Mtr",PB0460,,,,
Lakshmi Engineering Corporation,PRT0157,"Roller Chain 1"" Simplex each 3 Mtr",PB0459,,,,
Bharat Hardware And Electricals,PRT0112,Roma Plate Code No-30250 6 Modular,PB0930,,,,
Bharat Hardware And Electricals,PRT0112,Roma Plate Code No-30271 12 Modular,PB0931,,,,
Royal Trading Co.,PRT0250,Room Freshner,PB1257,,,,
Balaji Enterprises,PRT0201,Roppcap 28 mm,PB0692,,,,
A. R. Enterprises,PRT0283,Rotatry Handle Switch ON/OFF,PB0994,,,,
Bharat Hardware And Electricals,PRT0112,Rotatry Handle Switch ON/OFF,PB0994,,,,
Nandan Steels,PRT0105,Round Bar 80mm,PB1156,,,,
Nandan Steels,PRT0105,Round Bar Dia 100mm X 125 Mm Long (60 No,PB0298,,,,
Lakshmi Projects,PRT0168,"Rubber Belt, Grade-M24, Width 600mm, 3 P",PB0515,,,,
Lakshmi Projects,PRT0168,"Rubber Belt, Grade-M24, Width 750mm, 3 P",PB0514,,,,
Satyam Stationery Mart,PRT0015,"Rubber Hand Gloves 18"" Chemical",PB0256,,,,
Royal Trading Co.,PRT0250,Rubber Hand Gloves House Hold,PB0920,,,,
Bharat Hardware And Electricals,PRT0112,Rubber Sheet 3mm Elec. Matt 1200mmX10000,PB1054,,,,
Bhagwati Hardware & Electricals,PRT0193,Rubber Sheet 8 Mm,PB1070,,,,
Shiva Tools & Mill Store,PRT0238,Ruly 230X260X90,PB1159,,,,
M Y Engineering Works,PRT0144,Ruly 230X89X20,PB0397,,,,
M Y Engineering Works,PRT0144,Ruly 630X89X20,PB0398,,,,
M Y Engineering Works,PRT0144,Ruly 840X89X20,PB0399,,,,
Royal Trading Co.,PRT0250,Safety shoes,PB0148,,,,
Bharat Hardware And Electricals,PRT0112,Safety Shoes Size: 10 No.,PB0370,,,,
Paras Polycab Pvt. Ltd.,PRT0139,Safety Shoes Size: 10 No.,PB0370,,,,
Bharat Hardware And Electricals,PRT0112,Safety Shoes Size: 6 No.,PB0366,,,,
Paras Polycab Pvt. Ltd.,PRT0139,Safety Shoes Size: 6 No.,PB0366,,,,
Bharat Hardware And Electricals,PRT0112,Safety Shoes Size: 7 No.,PB0367,,,,
Paras Polycab Pvt. Ltd.,PRT0139,Safety Shoes Size: 7 No.,PB0367,,,,
Bharat Hardware And Electricals,PRT0112,Safety Shoes Size: 8 No.,PB0368,,,,
Paras Polycab Pvt. Ltd.,PRT0139,Safety Shoes Size: 8 No.,PB0368,,,,
Bharat Hardware And Electricals,PRT0112,Safety Shoes Size: 9 No.,PB0369,,,,
Paras Polycab Pvt. Ltd.,PRT0139,Safety Shoes Size: 9 No.,PB0369,,,,
Hilti India Pvt. Ltd.,PRT0191,Safety Stud Anchor HST3 M16x145 45/25,PB0632,,,,
SAP india pvt. ltd.,PRT0153,SAP Software,PB0449,,,,
Bhagwati Hardware & Electricals,PRT0193,Scale 1 Mtr,PB0837,,,,
Royal Trading Co.,PRT0250,Scissor Big,PB1255,,,,
Royal Trading Co.,PRT0250,Scissor SAYA SY SC-06,PB0969,,,,
Royal Trading Co.,PRT0250,Scissor SAYA SY SC-07,PB0970,,,,
Royal Trading Co.,PRT0250,Scissor Small,PB1256,,,,
Bhagwati Hardware & Electricals,PRT0193,Screw Driver Set SDK-900,PB1215,,,,
Bharat Hardware And Electricals,PRT0112,Sea Green Paint,PB1072,,,,
Suboneyo Chemicals Pharmaceuticals P Ltd,PRT0041,Sea Weed Powder,PB0041,,,,
Gainwell Commonsales Private Limited,PRT0194,Seal Integra - 1986068,PB1282,,,,
Gainwell Commonsales Private Limited,PRT0194,Seal O Ring 1123540,PB1283,,,,
Gainwell Commonsales Private Limited,PRT0194,Seal O Ring 5P7530,PB1281,,,,
Royal Trading Co.,PRT0250,"Sealing Machine 12""",PB1284,,,,
S. KUMAR & COMPANY,PRT0292,Seed Barsheem,PB0820,,,,
Nandan Steels,PRT0105,Self Drilling Screw 12mmX25mm Hex Head,PB0353,,,,
Nandan Steels,PRT0105,Self Drilling Screw 12mmX55mm Hex Head,PB0352,,,,
Mittal Machinery Store,PRT0035,SELF MONOBLOCK PUMP 3HP 3PHASE Mod:SP2HM,PB0677,,,,
Mittal Machinery Store,PRT0035,Self Priming Pump SP6L With 25HP 3 Phase,PB0903,,,,
Bharat Hardware And Electricals,PRT0112,"Self Screw  ½""",PB0905,,,,
Evolutionary Products Supplier,PRT0117,SEPCOM 015,PB0266,,,,
Evolutionary Products Supplier,PRT0117,SEPCOM 065,PB0265,,,,
M Y Engineering Works,PRT0144,Shaft Chakori 1940X75,PB0392,,,,
Mittal Machinery Store,PRT0035,Shaft Sleeve,PB0935,,,,
Bhargava Brothers,PRT0009,Sharpner,PB1187,,,,
Bhargava Brothers,PRT0009,Sheet Protector (SOV FOLDER),PB1117,,,,
Khanduja Furniture,PRT0150,Side Table (30X30X16),PB0437,,,,
Badshah Traders,PRT0200,Sieve,PB0690,,,,
Titan Biotech Limited,PRT0003,Silicone Anti-Foaming Agent,PB0527,,,,
Bharat Hardware And Electricals,PRT0112,Silver Paint,PB1039,,,,
Bhagwati Hardware & Electricals,PRT0193,Sink Waste Pipe,PB1240,,,,
Mittal Refrectories,PRT0236,Skrew 9X9X4 1/2,PB0940,,,,
Bharat Hardware And Electricals,PRT0112,SKY Blue Paint,PB1040,,,,
Bharat Hardware And Electricals,PRT0112,"Slide Wrench 10""",PB0888,,,,
Bharat Hardware And Electricals,PRT0112,"Slide Wrench 6""",PB0889,,,,
Bhargava Brothers,PRT0009,Slip Pad,PB0923,,,,
Bharat Hardware And Electricals,PRT0112,Smoke Grey Oil Paint,PB0496,,,,
Remi Sales & Engineering Ltd.,PRT0186,SMPS ( L10000787 ),PB0723,,,,
Bharat Hardware And Electricals,PRT0112,SMPS 24V DC 5 AMP,PB0990,,,,
Bharat Hardware And Electricals,PRT0112,Socket &  Switch 10 Amp  Modular Box,PB0907,,,,
JOSHI WELDING COMPONENTS & HARDWARE,PRT0102,"Socket 1"" SCH-40",PB0233,,,,
M.G Marketing Services (U.K 2018-2019),PRT0103,"Socket 1"" SCH-40",PB0233,,,,
Bharat Hardware And Electricals,PRT0112,"Socket 1"" SCH-40",PB0233,,,,
Bhagwati Hardware & Electricals,PRT0193,Socket 16 Amp  Modular Box,PB1246,,,,
Bharat Hardware And Electricals,PRT0112,Socket 50mm SCH-40,PB0615,,,,
Liberty Agencies,PRT0188,Socket 50mm SCH-40,PB0615,,,,
Bhagwati Hardware & Electricals,PRT0193,Socket Modular Box (20A),PB1223,,,,
Bhagwati Hardware & Electricals,PRT0193,Socket Set (Goti Set) S 11 HXL,PB1216,,,,
M H Enterprises,PRT0068,Sodium Bicarbonate LR Grade,PB0636,,,,
Titan Biotech Limited,PRT0003,Sodium Cloride (Nacl),PB0132,,,,
M H Enterprises,PRT0068,Sodium Cobal Nitrite,PB0638,,,,
Ambica Scientific Industries,PRT0087,Sodium Cyanide AR,PB0308,,,,
Titan Biotech Limited,PRT0003,Sodium Di-Hydrogen Ortho-Phosphate Dihyd,PB1276,,,,
Titan Biotech Limited,PRT0003,Sodium Hydroxide NaOH,PB0652,,,,
M H Enterprises,PRT0068,Sodium Hydroxide NaOH,PB0652,,,,
Titan Biotech Limited,PRT0003,Sodium Lauryl Sulfate (SLS),PB0128,,,,
Central Drug House (P) Ltd,PRT0276,Sodium Molybdate LR,PB0164,,,,
Ambica Scientific Industries,PRT0087,Sodium Molybdate LR,PB0164,,,,
Satyam Stationery Mart,PRT0015,Soft Broom,PB0184,,,,
Royal Trading Co.,PRT0250,Soft Broom,PB0184,,,,
R.K. Dispo Packs,PRT0012,Soil Mixture Bottle,PB1273,,,,
Shri Raj & Co.,PRT0279,Soil Test Kit (50 Set )-Dharti Ka Doctor,PB1100,,,,
Internationl Tractors Limited,PRT0171,Sonalika Tractor Model:DI-60 Rx-16.9 Tyr,PB0519,,,,
Shiva Tools & Mill Store,PRT0238,"Spanner - 1""  1/8-1/4 D",PB0849,,,,
Shiva Tools & Mill Store,PRT0238,"Spanner - 1""  1/8-1/4 R",PB0850,,,,
Shiva Tools & Mill Store,PRT0238,"Spanner - 1""  7/8X1 D",PB0847,,,,
Shiva Tools & Mill Store,PRT0238,"Spanner - 1""  7/8X1 R",PB0848,,,,
Sri Sai Plastics Enterprises,PRT0199,Spatula,PB0688,,,,
S. KUMAR & COMPANY,PRT0292,Spinach Seeds,PB0749,,,,
Bhargava Brothers,PRT0009,Spiral Notebook,PB0925,,,,
Bharat Hardware And Electricals,PRT0112,Spirit Leval,PB1160,,,,
Shiva Tools & Mill Store,PRT0238,"Spocket of Conveyor 16 Teeth 1""",PB1174,,,,
Shiva Tools & Mill Store,PRT0238,"Spocket of Conveyor 30 Teeth 1""",PB1175,,,,
M Y Engineering Works,PRT0144,SPRING 400X90X16,PB0507,,,,
Bhargava Brothers,PRT0009,Spring File Cobra - 1200,PB0896,,,,
Satyam Stationery Mart,PRT0015,Spring File Cobra - 1200,PB0896,,,,
Bhargava Brothers,PRT0009,Spring File Cobra - 5000,PB1239,,,,
M Y Engineering Works,PRT0144,SPRING LOCK,PB0508,,,,
Bharat Hardware And Electricals,PRT0112,SS ALLEN BOLT 8x50MM,PB1132,,,,
Bharat Hardware And Electricals,PRT0112,SS Allen Csk 8x30mm,PB1133,,,,
Bharat Hardware And Electricals,PRT0112,"SS Ball Valve 3/8""",PB0886,,,,
Bharat Hardware And Electricals,PRT0112,SS Hex Bolt 12X40mm With Nut Double Wash,PB0804,,,,
Bharat Hardware And Electricals,PRT0112,SS Hex Bolt 16X25mm With Nut Double Wash,PB0805,,,,
Bharat Hardware And Electricals,PRT0112,SS Hex Nut 8mm,PB1134,,,,
Bharat Hardware And Electricals,PRT0112,SS Hex Nut Bolt 12x50mm,PB1065,,,,
Bhagwati Hardware & Electricals,PRT0193,SS Hex Nut Bolt 12x50mm,PB1065,,,,
Bharat Hardware And Electricals,PRT0112,"SS Hose Clamp 1""",PB1333,,,,
Bhagwati Hardware & Electricals,PRT0193,SS Sink Coupling,PB1260,,,,
Royal Trading Co.,PRT0250,ST-1 A4100 Sticker Oddy,PB1181,,,,
M H Enterprises,PRT0068,Stannour Chloride,PB0644,,,,
Bhargava Brothers,PRT0009,Stapler No. 10,PB1189,,,,
Bhargava Brothers,PRT0009,Stapler Pin No. 10,PB1191,,,,
Mittal Machinery Store,PRT0035,STARTER 1HP SINGLE PHASE CROMPTON MAKE,PB0239,,,,
Mittal Machinery Store,PRT0035,Starter 7.5 HP MK 1 Dol,PB0440,,,,
Shilpam Power Controls,PRT0147,Starter Panel,PB0784,,,,
Lakshmi Engineering Corporation,PRT0157,Steam ON/OFF Valve With Preumatic Actuat,PB1334,,,,
Balbir Singh & Sons,PRT0167,Steel Wire Rope 10mmX6X19 Steel Core,PB0512,,,,
Bhagwati Hardware & Electricals,PRT0193,Steel Wire Rope 12 mm,PB1166,,,,
Royal Trading Co.,PRT0250,Sticker Sheet,PB1035,,,,
Royal Trading Co.,PRT0250,Stock Register,PB1034,,,,
Royal Trading Co.,PRT0250,Stock Register 4 No.,PB1230,,,,
Royal Trading Co.,PRT0250,Stock Register 6 No.,PB1229,,,,
M Y Engineering Works,PRT0144,Stoper 60X150X80 Bearing 6214,PB0396,,,,
M Y Engineering Works,PRT0144,Stoper 70X250X90 Bearing 6215,PB0395,,,,
Titan Biotech Limited,PRT0003,Sucrose,PB0153,,,,
Universal Industries,PRT0005,Sulphur Powder 90%,PB0042,,,,
M H Enterprises,PRT0068,Sulphuric Acid,PB0642,,,,
Ambica Scientific Industries,PRT0087,Sulphuric Acid,PB0642,,,,
Mittal Machinery Store,PRT0035,SUMBERSIBLE FLAT CABLE 1.5 SQ MM 3 CORE,PB0240,,,,
Mittal Machinery Store,PRT0035,SUMBERSIBLE PUMP 1HP SINGLE PHASE CROMPT,PB0238,,,,
Alligo Horizon Pvt Ltd,PRT0140,Super Pottasium Humate,PB0040,,,,
U. P. Automobiles,PRT0295,Super SPL 125 CC Self,PB0752,,,,
Mittal Refrectories,PRT0236,Supply of Furnace Mfr. Mat. & Installati,PB0494,,,,
Wintex Industries,PRT0165,Supply of Furnace Mfr. Mat. & Installati,PB0494,,,,
Drycool Systems (India) Pvt. Ltd.,PRT0154,Supply of Water Cooled Scroll Chiller,PB0450,,,,
Satyam Stationery Mart,PRT0015,Surgical Hand Gloves,PB0181,,,,
Royal Trading Co.,PRT0250,Surgical Hand Gloves,PB0181,,,,
Ritik Communication,PRT0155,Switch 8 Port POE,PB1032,,,,
Royal Trading Co.,PRT0250,Table Pad,PB1002,,,,
Sharma Brothers,PRT0022,Taflan Tap Big,PB1021,,,,
RANJANA MINERALS & CHEMICALS INDUSTRIES,PRT0054,Talcum Powder,PB0043,,,,
Liberty Agencies,PRT0188,Tank Adapter 50mm SCH-40,PB0620,,,,
Bhargava Brothers,PRT0009,"Tape Adh Commn 2"" (72 Pcs)",PB1192,,,,
Royal Trading Co.,PRT0250,"Tape Dispenser 1"" & 1/2""",PB1237,,,,
Bhargava Brothers,PRT0009,Tape Double Side,PB1162,,,,
S. KUMAR & COMPANY,PRT0292,Tarbooj Aastha,PB1105,,,,
S. KUMAR & COMPANY,PRT0292,Tarbooj Madhubala,PB1104,,,,
Bharat Hardware And Electricals,PRT0112,Tarpin Oil,PB0499,,,,
Bharat Hardware And Electricals,PRT0112,Tefon Hammer,PB1201,,,,
A. R. Enterprises,PRT0283,Temprature Controller,PB1138,,,,
M H Enterprises,PRT0068,Test Tube 7 Ml,PB0689,,,,
Sri Sai Plastics Enterprises,PRT0199,Test Tube 7 Ml,PB0689,,,,
Ambica Scientific Industries,PRT0087,"Test Tube for Tissue Culture, Size: 25x1",PB0321,,,,
Sri Sai Plastics Enterprises,PRT0199,Test Tube Stand,PB0693,,,,
Optec Instrumentation,PRT0202,Test Tube Stand (12 Tube),PB0693,,,,
Unitek Scientific & Electronics Industry,PRT0204,Test Tube Stand (12 Tube),PB0693,,,,
Titan Biotech Limited,PRT0003,Tetrasodium Pyrophosphate,PB0152,,,,
M H Enterprises,PRT0068,Tetrasodium Pyrophosphate,PB0152,,,,
Jain Book Agency,PRT0148,"The Fertiliser (Control) Order, Latest",PB0428,,,,
Jain Book Agency,PRT0148,The Insecticides Act 1968 with Rules1971,PB0429,,,,
A. R. Enterprises,PRT0283,Thermo Couple Sensor (PT100 Sensor),PB1139,,,,
A. R. Enterprises,PRT0283,Thermo Couple Wire,PB1137,,,,
Krishna Trading Company,PRT0282,Thread Roll,PB0191,,,,
Krishna Trading Company,PRT0282,"Thread Roll for PROM, JAIVIK & POSHAK",PB0101,,,,
M H Enterprises,PRT0068,Thymol Blue,PB0645,,,,
Ambica Scientific Industries,PRT0087,Tissue Paper,PB0327,,,,
Nandan Steels,PRT0105,TMT BAR 12 MM,PB0584,,,,
Nandan Steels,PRT0105,TMT BAR 16 MM,PB0585,,,,
Nandan Steels,PRT0105,TMT BAR 8 MM,PB0583,,,,
Bhagwati Hardware & Electricals,PRT0193,Tool Box,PB1217,,,,
Shiva Tools & Mill Store,PRT0238,Tools & Kit,PB0845,,,,
S. KUMAR & COMPANY,PRT0292,Tori Aloka,PB1110,,,,
S. KUMAR & COMPANY,PRT0292,Tori Doli,PB1111,,,,
V. K. Printers,PRT0266,Training Brochure Printing,PB1076,,,,
Pooja Electrotech Pvt. Ltd.,PRT0160,"Transformer 11/433 KV, Cap. 800 KVA",PB0476,,,,
Voltamp Transformers Limited,PRT0187,"Transformer 11/433 KV, Cap. 800 KVA",PB0476,,,,
Titan Biotech Limited,PRT0003,Tri-Calcium Phosphate,PB0136,,,,
Central Drug House (P) Ltd,PRT0276,Tri-Calcium Phosphate LR,PB0165,,,,
Ambica Scientific Industries,PRT0087,Tri-Calcium Phosphate LR,PB0165,,,,
R. P. Traders,PRT0289,Tube Light Fitting 18 Watt SSK-SO18W,PB1335,,,,
S. KUMAR & COMPANY,PRT0292,Turnip Seeds,PB0743,,,,
Infotrend Technologies,PRT0158,TVSE Keybord,PB0469,,,,
ATLAS COPCO AIRPOWER NV,PRT0135,"Two stage Oil free screw air compressor,",PB0361,,,,
Bharat Hardware And Electricals,PRT0112,Two Way Lab Water Tap,PB1248,,,,
Bharat Hardware And Electricals,PRT0112,Tyre Coupling TC-012,PB0386,,,,
Shiva Tools & Mill Store,PRT0238,Tyre Coupling TC-012,PB0386,,,,
Bharat Hardware And Electricals,PRT0112,Tyre Coupling TC-015,PB0385,,,,
Bharat Hardware And Electricals,PRT0112,Tyre Coupling TC-017,PB0384,,,,
Ambica Scientific Industries,PRT0087,U Connector (Kjeldal Distillation),PB0322,,,,
JOSHI WELDING COMPONENTS & HARDWARE,PRT0102,"Union 1"" SCH-40",PB0234,,,,
M.G Marketing Services (U.K 2018-2019),PRT0103,"Union 1"" SCH-40",PB0234,,,,
Bharat Hardware And Electricals,PRT0112,"Union 1"" SCH-40",PB0234,,,,
Bharat Hardware And Electricals,PRT0112,"Union 2"" SCH-40",PB0963,,,,
Infotrend Technologies,PRT0158,UPS 1 KVA,PB0472,,,,
Infotrend Technologies,PRT0158,UPS 600 VA,PB0473,,,,
Excel Computer Graphics,PRT0208,UPS 600 VA,PB0473,,,,
Bharat Hardware And Electricals,PRT0112,"UPVC Ball Valve 1""",PB0957,,,,
Liberty Agencies,PRT0188,"UPVC Ball Valve 1""",PB0957,,,,
Bharat Hardware And Electricals,PRT0112,"UPVC Ball Valve 2""",PB0956,,,,
Liberty Agencies,PRT0188,"UPVC Ball Valve 2""",PB0956,,,,
Bharat Hardware And Electricals,PRT0112,"UPVC Bush 1-1/2""x1-1/4""",PB1051,,,,
Bharat Hardware And Electricals,PRT0112,"UPVC Bush 1-1/4""x1""",PB1050,,,,
Bharat Hardware And Electricals,PRT0112,"UPVC Bushing 2""X1""",PB0958,,,,
Liberty Agencies,PRT0188,"UPVC Bushing 2""X1""",PB0958,,,,
Liberty Agencies,PRT0188,"UPVC Bushing 4""X2""",PB1093,,,,
Liberty Agencies,PRT0188,UPVC Elbow 50mm  SCH-80,PB1089,,,,
Bharat Hardware And Electricals,PRT0112,UPVC Flange 50mm,PB0623,,,,
Liberty Agencies,PRT0188,UPVC Flange 50mm,PB0623,,,,
Liberty Agencies,PRT0188,"UPVC FTA 1""",PB1091,,,,
Bharat Hardware And Electricals,PRT0112,"UPVC MTA 1-1/4""",PB1052,,,,
Bharat Hardware And Electricals,PRT0112,"UPVC MTA 1""",PB1053,,,,
Liberty Agencies,PRT0188,"UPVC MTA 1""",PB1053,,,,
JOSHI WELDING COMPONENTS & HARDWARE,PRT0102,"UPVC Pipe  1"" PLUMBING SCH-40",PB0231,,,,
M.G Marketing Services (U.K 2018-2019),PRT0103,"UPVC Pipe  1"" PLUMBING SCH-40",PB0231,,,,
Bharat Hardware And Electricals,PRT0112,"UPVC Pipe  1"" PLUMBING SCH-40",PB0231,,,,
Liberty Agencies,PRT0188,UPVC Pipe  50mm SCH-40 Lead Free,PB0614,,,,
Bharat Hardware And Electricals,PRT0112,"UPVC PIPE Heavy 2""",PB0960,,,,
Liberty Agencies,PRT0188,UPVC Socket 50mm SCH-80,PB1088,,,,
Bharat Hardware And Electricals,PRT0112,UPVC Solvant 705,PB0959,,,,
Liberty Agencies,PRT0188,UPVC Solvent,PB0622,,,,
Bharat Hardware And Electricals,PRT0112,"UPVC Tank Nipple 2""",PB0962,,,,
Liberty Agencies,PRT0188,"UPVC Tank Nipple 2""",PB0962,,,,
Bharat Hardware And Electricals,PRT0112,"UPVC Tee 1"" SCH-40",PB0961,,,,
Bharat Hardware And Electricals,PRT0112,UPVC Tee 50mm SCH-40,PB0617,,,,
Liberty Agencies,PRT0188,UPVC Tee 50mm SCH-40,PB0617,,,,
Liberty Agencies,PRT0188,UPVC Tee 50mm SCH-80,PB1090,,,,
Advance Panels & Switchgears Pvt. Ltd.,PRT0132,URS for MCC Panel ( Granulator Plant ),PB0357,,,,
Advance Panels & Switchgears Pvt. Ltd.,PRT0132,URS for Remote Panel-1,PB0358,,,,
Advance Panels & Switchgears Pvt. Ltd.,PRT0132,URS for Remote Panel-2,PB0359,,,,
Infotrend Technologies,PRT0158,USB Keybord,PB0468,,,,
Infotrend Technologies,PRT0158,USB Mouse,PB0470,,,,
Avahi Technologies,PRT0251,USB Mouse,PB0470,,,,
Bhagwati Hardware & Electricals,PRT0193,V-Belt B 80,PB1176,,,,
Bharat Hardware And Electricals,PRT0112,V-Belt B-132,PB0917,,,,
Bhagwati Hardware & Electricals,PRT0193,V-Belt B-52,PB1098,,,,
Bharat Hardware And Electricals,PRT0112,V-Belt B-72,PB1336,,,,
Bhagwati Hardware & Electricals,PRT0193,V-Belt C-124,PB1226,,,,
JOSHI WELDING COMPONENTS & HARDWARE,PRT0102,"Valve 1"" SCH-40",PB0235,,,,
M.G Marketing Services (U.K 2018-2019),PRT0103,"Valve 1"" SCH-40",PB0235,,,,
Phox India Industrial Services,PRT0185,Valve Set,PB0586,,,,
ABC AGROBIOTECHNOLOGY PVT LTD,PRT0040,VAM Spore Technical (1Lac IP/gm),PB0124,,,,
Titan Biotech Limited,PRT0003,Veg-Be-extract Powder,PB0140,,,,
Ambica Scientific Industries,PRT0087,Veg-Be-extract Powder,PB0140,,,,
Atlas Copco (India) Limited,PRT0134,Vertical Air Receiver of 5m3 – 10 Bar.g,PB0364,,,,
M Y Engineering Works,PRT0144,"Vibrater , Hojing shaft with Bearing 180",PB0389,,,,
Rishi Offset Printers,PRT0099,Visiting Card Printing,PB1124,,,,
R-Infotech Software,PRT0028,Visualplay Client Node,PB0495,,,,
A. R. Enterprises,PRT0283,"Warm Reduction Gear Box Ratio 1:15, U600",PB0279,,,,
A. R. Enterprises,PRT0283,"Warm Reduction Gear Box Ratio 1:15, U800",PB0278,,,,
A. R. Enterprises,PRT0283,"Warm Reduction Gear Box Ratio 1:15,U1000",PB0277,,,,
A. R. Enterprises,PRT0283,"Warm Reduction Gear Box Ratio 1:30, U300",PB0284,,,,
A. R. Enterprises,PRT0283,"Warm Reduction Gear Box Ratio 1:30, U400",PB0283,,,,
A. R. Enterprises,PRT0283,"Warm Reduction Gear Box Ratio 1:30, U500",PB0282,,,,
Shri Balaji Enterprises,PRT0272,"Warm Reduction Gear Box Ratio 1:30, U500",PB0282,,,,
A. R. Enterprises,PRT0283,"Warm Reduction Gear Box Ratio 1:30, U600",PB0281,,,,
A. R. Enterprises,PRT0283,"Warm Reduction Gear Box Ratio 1:60, U600",PB0280,,,,
Wadhwa Hardware,PRT0258,Wash Basin Sutlej 22x16 : White,PB1008,,,,
Bharat Hardware And Electricals,PRT0112,Washer 16mm,PB0977,,,,
SHRI RAM TRADERS,PRT0096,Waste Cloth,PB0227,,,,
Bharat Hardware And Electricals,PRT0112,Waste Cloth,PB0227,,,,
Royal Trading Co.,PRT0250,Waste Cloth,PB0227,,,,
Sharma Brothers,PRT0022,"Waste Pipe 1.1/4"" (Flexible)",PB1018,,,,
Eco Water Solutions Technologies Pvt. Lt,PRT0213,Water Treatment Plant,PB0705,,,,
Continental Earthmovers,PRT0227,Waxoil Black 5 Ltr Part No. 4004/0502,PB1193,,,,
Mittal Machinery Store,PRT0035,Wear Plate SP4L NDE,PB0798,,,,
Weight Solution & Company,PRT0245,Weighing Machine SSP BL 5 Kg Acc. - 0.5,PB0899,,,,
Shiva Tools & Mill Store,PRT0238,Welding Rubber Hose Pipe,PB1118,,,,
Directorate of Wheat Research,PRT0234,Wheat Seed,PB0821,,,,
M Y Engineering Works,PRT0144,Wheel Weight 350X40,PB0393,,,,
BEN & GAWS PRIVATE LIMITED,PRT0141,Whey Storage Tank 50KL With EC &Agitator,PB0371,,,,
Rostfrei Steels Pvt Ltd,PRT0116,Whey Storage Tank Model : ZA08R3 Cap. 50,PB0262,,,,
Wadhwa Hardware,PRT0258,White Cement 1 Kg,PB1013,,,,
Bharat Hardware And Electricals,PRT0112,White Gagle Zoom Heavy,PB0926,,,,
Bharat Hardware And Electricals,PRT0112,White Glass We,PB0928,,,,
Bharat Hardware And Electricals,PRT0112,White Paint,PB1073,,,,
Royal Trading Co.,PRT0250,White Tag,PB1036,,,,
Royal Trading Co.,PRT0250,Wiper Supper Big,PB1033,,,,
Balbir Singh & Sons,PRT0167,Wire Rope U-Clamp - 10 Mm,PB0513,,,,
Bhagwati Hardware & Electricals,PRT0193,Wire Rope U-Clamp - 12 Mm,PB1167,,,,
Infotrend Technologies,PRT0158,Wireless Mouse,PB0471,,,,
Avahi Technologies,PRT0251,Wireless Mouse,PB0471,,,,
Bharat Hardware And Electricals,PRT0112,Wooden Screw 35X8,PB0558,,,,
ELITE ELECTRICALS,PRT0152,XLPE 1100V LT ALUMINIUM ARMOURED CABLE 5,PB0448,,,,
Ambica Scientific Industries,PRT0087,Yeast Extract,PB0315,,,,
Titan Biotech Limited,PRT0003,Yeast Extract Powder-R,PB0134,,,,
Bharat Hardware And Electricals,PRT0112,Yellow Paint,PB1074,,,,
Titan Biotech Limited,PRT0003,Zinc Oxide LR Grade,PB0526,,,,
Universal Industries,PRT0005,Zinc Sulphate 33%,PB0036,,,,
